time,SO4_UT14-16km_diff,SO2_UT14-16km_diff,DMS_UT14-16km_diff,HMS_UT14-16km_diff,SS_UT14-16km_diff,SF_UT14-16km_diff,NK_UT14-16km_diff
2022-07-20 00:00:00,2.274248963322294e-12,7.722953494348292e-13,1.7609365112629016e-13,1.2177149016907984e-14,-6.844025904328029e-15,2.5847094945685127e-12,1973392157.419876
2022-07-20 01:00:00,2.2756569230869092e-12,7.797370430977202e-13,1.2785278403414173e-13,1.2136509702434368e-14,-6.8660203535739046e-15,2.5895831488746993e-12,2073969644.4720383
2022-07-20 02:00:00,2.2745863373125247e-12,7.74958732037953e-13,9.477495124888808e-14,1.2104092925137815e-14,-6.880326833793636e-15,2.591730234965e-12,2226138891.1086464
2022-07-20 03:00:00,2.270448376853893e-12,7.723911286252036e-13,7.46409666223808e-14,1.2058176805478003e-14,-6.889193894710182e-15,2.5904232554487207e-12,2443432626.008976
2022-07-20 04:00:00,2.2635622465646157e-12,7.729556491535631e-13,6.196955842402982e-14,1.1997262756295112e-14,-6.893390750265379e-15,2.586849293209094e-12,2719795904.829216
2022-07-20 05:00:00,2.2549044294379033e-12,7.705912623251448e-13,5.3145276701346555e-14,1.1939441914091946e-14,-6.9038531181879816e-15,2.5803944760789745e-12,3014155510.498432
2022-07-20 06:00:00,2.240439342045043e-12,7.698303225899226e-13,4.96843409280966e-14,1.1848402236470679e-14,-6.902449983607447e-15,2.568598584276986e-12,3284367443.558296
2022-07-20 07:00:00,2.222320127536369e-12,7.714348149737485e-13,5.0210314949528693e-14,1.173981312145195e-14,-6.895346065655006e-15,2.554195530090655e-12,3496463025.31065
2022-07-20 08:00:00,2.203093269684879e-12,7.725689082919597e-13,5.357123331294801e-14,1.1643517893514808e-14,-6.8871943280938105e-15,2.53937659125769e-12,3626655102.2168655
2022-07-20 09:00:00,2.1815308701176682e-12,7.635708049103972e-13,6.245207473268871e-14,1.1536400592923418e-14,-6.883805596477074e-15,2.52067748219185e-12,3598721304.848301
2022-07-20 10:00:00,2.157973641127448e-12,7.458868788084726e-13,7.920541671671209e-14,1.1424084427223047e-14,-6.883061467609143e-15,2.499543641056017e-12,3467519121.6263504
2022-07-20 11:00:00,2.1353149304829353e-12,7.273079785985383e-13,9.797334747144494e-14,1.1333207498771252e-14,-6.8842875891198436e-15,2.4796207658934514e-12,3315332877.0997353
2022-07-20 12:00:00,2.116761373399409e-12,7.03837255581591e-13,1.131966263982934e-13,1.1287127532095984e-14,-6.905451041315395e-15,2.4634523461300498e-12,3121639888.616024
2022-07-20 13:00:00,2.105627873203658e-12,6.775999035094775e-13,1.2601543213347513e-13,1.1282772678798031e-14,-6.9342782089794284e-15,2.4523987025699924e-12,2904339517.5356674
2022-07-20 14:00:00,2.099839190223729e-12,6.520975321075504e-13,1.3863002891306392e-13,1.1286971101909461e-14,-6.961939711549066e-15,2.444285313135081e-12,2692641953.912369
2022-07-20 15:00:00,2.098871597247782e-12,6.291018994470093e-13,1.504138109188218e-13,1.1333518247794058e-14,-6.994562018478457e-15,2.4417234675476332e-12,2503503469.6708946
2022-07-20 16:00:00,2.101903221885659e-12,6.081845062120233e-13,1.6218479918952836e-13,1.1419115232620091e-14,-7.03881112897364e-15,2.4410085816415542e-12,2314963944.9349365
2022-07-20 17:00:00,2.1063483547545696e-12,5.876947659104744e-13,1.7466587422085276e-13,1.1491379536424855e-14,-7.080929530728259e-15,2.4398705242126877e-12,2117763492.803833
2022-07-20 18:00:00,2.1146291933289917e-12,5.678580993042519e-13,1.857483144865515e-13,1.1581400470225357e-14,-7.132034771387791e-15,2.443329043920986e-12,1921826967.5707245
2022-07-20 19:00:00,2.1250638337976535e-12,5.474907625457734e-13,1.95725034396355e-13,1.1687521265988281e-14,-7.186645003995483e-15,2.4496409628949216e-12,1725267152.501217
2022-07-20 20:00:00,2.134544882081691e-12,5.272607306798554e-13,2.0459867893340527e-13,1.1768306543742913e-14,-7.23503794798862e-15,2.4546473707377842e-12,1543992946.824501
2022-07-20 21:00:00,2.146293368615494e-12,5.163492921655445e-13,2.0152287790411852e-13,1.1847424949413668e-14,-7.286781755848129e-15,2.4629403778982008e-12,1413688163.0205688
2022-07-20 22:00:00,2.161136387423293e-12,5.232347171636419e-13,1.7285777270674683e-13,1.1928793428706814e-14,-7.343087628869541e-15,2.4735093007657225e-12,1339255119.0620918
2022-07-20 23:00:00,2.175967054914864e-12,5.352599040473548e-13,1.3405781714710238e-13,1.1990887732572189e-14,-7.380000537481924e-15,2.484197772989413e-12,1297816644.7199554
2022-07-21 00:00:00,2.186700760035631e-12,5.421069025595244e-13,1.0129802038155661e-13,1.2024531316998776e-14,-7.399699677521313e-15,2.4928352041024194e-12,1264235240.5187073
2022-07-21 01:00:00,2.193103025273937e-12,5.421169517011862e-13,7.761246962121918e-14,1.2025851410707186e-14,-7.402149250025649e-15,2.498205753336476e-12,1227586997.0652542
2022-07-21 02:00:00,2.1966764373400284e-12,5.375147265156442e-13,6.156786654250438e-14,1.2016399653962567e-14,-7.39977218440828e-15,2.501253784143805e-12,1189400938.9593315
2022-07-21 03:00:00,2.1960372528062826e-12,5.326978473403517e-13,5.168186053702902e-14,1.1971848856887139e-14,-7.384167417571671e-15,2.5018435724155968e-12,1169088635.7086678
2022-07-21 04:00:00,2.1921128109849836e-12,5.287462386357523e-13,4.4858980611072425e-14,1.1896599070222573e-14,-7.350046806718513e-15,2.5009959342566907e-12,1162282317.243946
2022-07-21 05:00:00,2.185859534858792e-12,5.241877446500736e-13,3.996862376496396e-14,1.1816144997598632e-14,-7.310394743531482e-15,2.498613226845441e-12,1160998305.5483093
2022-07-21 06:00:00,2.179429706137528e-12,5.194136718430597e-13,3.784042722009929e-14,1.17501730933783e-14,-7.270728339142384e-15,2.4948686968249176e-12,1158615171.27911
2022-07-21 07:00:00,2.1720976257025436e-12,5.149396617464104e-13,3.82546146846344e-14,1.1694925512669357e-14,-7.229545311897841e-15,2.4886838330580264e-12,1151422954.3615265
2022-07-21 08:00:00,2.161843276129225e-12,5.100633847699117e-13,4.1300248689652796e-14,1.1639713058306094e-14,-7.187450751642559e-15,2.479088450175837e-12,1144381196.2330933
2022-07-21 09:00:00,2.15368750120104e-12,5.006121728507966e-13,4.9467774674347944e-14,1.160945775525816e-14,-7.156922830811118e-15,2.471105098257525e-12,1128890134.4788628
2022-07-21 10:00:00,2.1461768100824886e-12,4.861732556499116e-13,6.431332591308342e-14,1.1610279955385953e-14,-7.135572403699149e-15,2.462543508997859e-12,1110118514.8422012
2022-07-21 11:00:00,2.137752384439369e-12,4.712027026011435e-13,7.935178469336854e-14,1.1621531049505819e-14,-7.107305067599454e-15,2.452896332464348e-12,1090574465.929779
2022-07-21 12:00:00,2.1346264144505336e-12,4.569655750853556e-13,9.173742830503428e-14,1.1641266732691738e-14,-7.084176440231097e-15,2.447989632248733e-12,1068168517.0466652
2022-07-21 13:00:00,2.13636583381539e-12,4.4373635067759683e-13,1.0212843820981855e-13,1.1661732741805253e-14,-7.0632509429726e-15,2.447756994075622e-12,1043991880.3495789
2022-07-21 14:00:00,2.1409312062186014e-12,4.3144551313735637e-13,1.1117617318072088e-13,1.1678709302482523e-14,-7.0265169947934535e-15,2.4486918949176727e-12,1019308591.7966118
2022-07-21 15:00:00,2.150679708378191e-12,4.203975281430673e-13,1.188335948853712e-13,1.1703158209149861e-14,-7.010945528306068e-15,2.451964375961697e-12,995417136.3055573
2022-07-21 16:00:00,2.16345422668661e-12,4.105369826151221e-13,1.2567764714465397e-13,1.1721150041035239e-14,-7.00773974258256e-15,2.458751904947804e-12,975204849.0339394
2022-07-21 17:00:00,2.175136159118908e-12,4.012323659935501e-13,1.3209249536432425e-13,1.1725003447325218e-14,-7.000163160335661e-15,2.464702254493383e-12,962627410.2697334
2022-07-21 18:00:00,2.1853174707963327e-12,3.9236590868315776e-13,1.370043700655636e-13,1.1732681745223222e-14,-6.9913151741882884e-15,2.470987678312084e-12,956156001.7637672
2022-07-21 19:00:00,2.192020304173954e-12,3.8429941815579084e-13,1.4062740888660712e-13,1.1740606191206214e-14,-6.981153703270734e-15,2.4729657156956698e-12,957082919.3070526
2022-07-21 20:00:00,2.1934999512925087e-12,3.7677220225077004e-13,1.431251675668735e-13,1.173759488914315e-14,-6.9744985672552156e-15,2.4708794599820224e-12,963532224.7134476
2022-07-21 21:00:00,2.196289212293293e-12,3.7746804930129965e-13,1.3440803009883828e-13,1.1750050746192294e-14,-6.9750793539976535e-15,2.4707510625137284e-12,980697827.3631668
2022-07-21 22:00:00,2.2009810541985995e-12,3.885062168449614e-13,1.112241422738604e-13,1.1767086233930193e-14,-6.9809662105171395e-15,2.47158374675089e-12,1009610273.4509621
2022-07-21 23:00:00,2.2042196349686426e-12,4.002743428542726e-13,8.60395487733257e-14,1.1774344652920289e-14,-6.987397547238299e-15,2.47138897862679e-12,1045832746.1292686
2022-07-22 00:00:00,2.2089510854884183e-12,4.0901447727227953e-13,6.421902725274253e-14,1.1787201286342888e-14,-7.005931662811807e-15,2.4726708796987965e-12,1083340416.6304169
2022-07-22 01:00:00,2.216257092110126e-12,4.14068614782772e-13,4.795501875463488e-14,1.1810921588945106e-14,-7.028870069414747e-15,2.475961571231895e-12,1122812289.500286
2022-07-22 02:00:00,2.224840159147555e-12,4.1655891659971207e-13,3.694148940458742e-14,1.1833265979393505e-14,-7.0471530690052925e-15,2.4792066847057132e-12,1170784180.2399673
2022-07-22 03:00:00,2.233053835109707e-12,4.1831698422317616e-13,2.9461703678306364e-14,1.18526569261409e-14,-7.061669955782579e-15,2.483868662981898e-12,1224434688.0501328
2022-07-22 04:00:00,2.2392252441772822e-12,4.2082506267072304e-13,2.4461449482910024e-14,1.186047007800493e-14,-7.071841100973014e-15,2.4882284959027977e-12,1281327990.169567
2022-07-22 05:00:00,2.2426399917836366e-12,4.2348177185436455e-13,2.1165652425195138e-14,1.1849775906213183e-14,-7.084466971503482e-15,2.491085355144828e-12,1360847399.2671013
2022-07-22 06:00:00,2.2474676721683004e-12,4.2726452313257366e-13,1.9420305957198104e-14,1.1834328331498224e-14,-7.085842978354384e-15,2.4971089490159566e-12,1453482475.1841354
2022-07-22 07:00:00,2.2508605142525686e-12,4.312121195461324e-13,1.8965725787752606e-14,1.1804107608367848e-14,-7.0795104799600454e-15,2.500586561874438e-12,1536879449.2707214
2022-07-22 08:00:00,2.248285727326074e-12,4.3396977300237163e-13,1.981610357876637e-14,1.1743189395550139e-14,-7.06452127383019e-15,2.4991543663722913e-12,1614519325.611889
2022-07-22 09:00:00,2.249884552552012e-12,4.353604487540125e-13,2.2704490035899457e-14,1.1724896172258547e-14,-7.066219520621055e-15,2.5029963985746924e-12,1699187026.056137
2022-07-22 10:00:00,2.253540350070209e-12,4.3628342466763777e-13,2.8338870217620947e-14,1.1744614404380145e-14,-7.0789447893545624e-15,2.507398351346474e-12,1781168702.7800827
2022-07-22 11:00:00,2.253765981000283e-12,4.3763869884062135e-13,3.468149920576898e-14,1.1760800152576453e-14,-7.079115064819749e-15,2.5103572774687462e-12,1854867384.848854
2022-07-22 12:00:00,2.258979600892146e-12,4.3667062077046594e-13,3.995602569596564e-14,1.1813595259877432e-14,-7.107158502513713e-15,2.5181497318294927e-12,1875202709.2388573
2022-07-22 13:00:00,2.2676881632356917e-12,4.3439349333804015e-13,4.476090240919319e-14,1.1896519425156074e-14,-7.14707197818851e-15,2.5278513187745445e-12,1858685500.0336685
2022-07-22 14:00:00,2.274917904071959e-12,4.329248965941611e-13,5.0105771971442937e-14,1.1978241477432855e-14,-7.179568297549955e-15,2.5328821933981678e-12,1841461999.760456
2022-07-22 15:00:00,2.2866850863982704e-12,4.323051343999371e-13,5.394007176847184e-14,1.2081162737388264e-14,-7.233139488487216e-15,2.5412337960449585e-12,1821697625.4857788
2022-07-22 16:00:00,2.300113648366041e-12,4.3196246432080014e-13,5.689550215666951e-14,1.2195038761799655e-14,-7.293076261396635e-15,2.5510721543469767e-12,1793706036.039669
2022-07-22 17:00:00,2.3104017897235303e-12,4.3213933487367756e-13,6.050468058041955e-14,1.2299897796543118e-14,-7.340221961746653e-15,2.557710008914078e-12,1766054087.2981071
2022-07-22 18:00:00,2.322190814349344e-12,4.333885574668063e-13,6.495606740596914e-14,1.2403838714044888e-14,-7.390670209903416e-15,2.564594753186571e-12,1747119559.4191208
2022-07-22 19:00:00,2.335669333820565e-12,4.354077053904135e-13,7.03056578355644e-14,1.2507059955123547e-14,-7.43999418261406e-15,2.5732073756232335e-12,1740410892.3918648
2022-07-22 20:00:00,2.3498576100470832e-12,4.392575495467459e-13,7.465237242523625e-14,1.2603070989925855e-14,-7.479353138625877e-15,2.5814525349822572e-12,1746776824.9106445
2022-07-22 21:00:00,2.365852478365596e-12,4.477366125721896e-13,7.619543521962554e-14,1.269966196345255e-14,-7.516127750779774e-15,2.5897115113472757e-12,1742492458.6801605
2022-07-22 22:00:00,2.3846039720480202e-12,4.612171451671687e-13,7.351241925335034e-14,1.2795040147715141e-14,-7.56185685230076e-15,2.599323748374482e-12,1733470448.398178
2022-07-22 23:00:00,2.4060135691512367e-12,4.764675834138939e-13,6.912016785905073e-14,1.2904572721852597e-14,-7.605827318598736e-15,2.611316154937173e-12,1736027780.2815018
2022-07-23 00:00:00,2.4299509270641015e-12,4.911752542046994e-13,6.485012739902933e-14,1.3013277881936063e-14,-7.638060177484693e-15,2.625040112877604e-12,1733505616.901558
2022-07-23 01:00:00,2.4533537120477006e-12,5.035939725697007e-13,6.171768320424907e-14,1.3096823257617145e-14,-7.665175482135981e-15,2.6369845804676042e-12,1735768167.6562653
2022-07-23 02:00:00,2.472953096237938e-12,5.131436236112018e-13,6.32676500543331e-14,1.3157246665679929e-14,-7.693594033845477e-15,2.647968393012355e-12,1757689498.1593933
2022-07-23 03:00:00,2.4898954274082745e-12,5.215559660131138e-13,6.510097211044379e-14,1.3212318916026243e-14,-7.718684446302362e-15,2.6591281328725755e-12,1792967965.5664787
2022-07-23 04:00:00,2.5037916224365785e-12,5.296565701127035e-13,6.490029450485199e-14,1.3257662455073298e-14,-7.74198221536093e-15,2.6697870234511023e-12,1845824541.2007866
2022-07-23 05:00:00,2.5156610385090355e-12,5.378260161274292e-13,6.34438122642608e-14,1.3305991519912163e-14,-7.761878924374978e-15,2.680974387023382e-12,1910811411.2720299
2022-07-23 06:00:00,2.5295290825304038e-12,5.470491341661718e-13,6.039100123650667e-14,1.3363114389901546e-14,-7.771610988162942e-15,2.6930382847678037e-12,1968959490.497219
2022-07-23 07:00:00,2.5435029195679084e-12,5.558639061465887e-13,5.803027986508099e-14,1.3425392506732435e-14,-7.786268355393122e-15,2.703084158953622e-12,2010773482.0211258
2022-07-23 08:00:00,2.553620083499433e-12,5.627274145820484e-13,5.872852764212952e-14,1.3483301428711711e-14,-7.807082083455124e-15,2.7106465627777525e-12,2027817659.882534
2022-07-23 09:00:00,2.5640637591981874e-12,5.665725924193638e-13,6.243420941363746e-14,1.35563660081359e-14,-7.837120888921848e-15,2.7185929680569668e-12,2035068774.6387367
2022-07-23 10:00:00,2.5743889201049746e-12,5.688972066060549e-13,6.883715689547844e-14,1.3641524959446544e-14,-7.87178090302193e-15,2.727069583655604e-12,2041930561.9813004
2022-07-23 11:00:00,2.5823867895184007e-12,5.708295010718221e-13,7.575194555660156e-14,1.3733375012874122e-14,-7.908924524420523e-15,2.7349914135548268e-12,2044797591.0137558
2022-07-23 12:00:00,2.5928716324967445e-12,5.706466324275735e-13,8.074116734682976e-14,1.3832119330787786e-14,-7.955500426946896e-15,2.7457530274277075e-12,2034715284.006256
2022-07-23 13:00:00,2.6059950819731394e-12,5.693117591858006e-13,8.503286157315056e-14,1.3926222700891639e-14,-8.004337125392192e-15,2.760987443764097e-12,2017729896.9080887
2022-07-23 14:00:00,2.619931623022665e-12,5.682045625996902e-13,9.018939766155398e-14,1.4016609298587915e-14,-8.06333813534037e-15,2.7772173350706245e-12,2001713233.4819374
2022-07-23 15:00:00,2.635300267211014e-12,5.682670292511589e-13,9.532491594076066e-14,1.409855880386146e-14,-8.12581970473293e-15,2.7949608819372012e-12,1980012604.3035965
2022-07-23 16:00:00,2.651166405651705e-12,5.69560888902418e-13,1.0034678995331008e-13,1.416281387634576e-14,-8.198505354100138e-15,2.8120916372130076e-12,1956135218.19096
2022-07-23 17:00:00,2.6675046657323108e-12,5.716144137583361e-13,1.0565074762352515e-13,1.422035685695298e-14,-8.273953990794644e-15,2.8308241858933093e-12,1934764803.6878662
2022-07-23 18:00:00,2.68344171301434e-12,5.754742069015756e-13,1.0952552145365006e-13,1.4267580982088312e-14,-8.346039279210461e-15,2.849597030394818e-12,1913220176.7815094
2022-07-23 19:00:00,2.698541909063524e-12,5.799642877753109e-13,1.1211691069715613e-13,1.4310203817499597e-14,-8.419993007002862e-15,2.8685878334175195e-12,1892871764.276966
2022-07-23 20:00:00,2.7140961804984825e-12,5.853547238091469e-13,1.1061578018584798e-13,1.4366638516393478e-14,-8.51063067842041e-15,2.8883514469880406e-12,1869789021.5543747
2022-07-23 21:00:00,2.733198520640904e-12,5.97525631318044e-13,9.782946256083834e-14,1.444677911645398e-14,-8.610715013724291e-15,2.9123360945271346e-12,1849515887.9000587
2022-07-23 22:00:00,2.7576706120698946e-12,6.119753824651658e-13,7.883703378057414e-14,1.4557628942603245e-14,-8.713962067264719e-15,2.9421487304737163e-12,1851265835.5049515
2022-07-23 23:00:00,2.7853898594851028e-12,6.231803796743423e-13,6.080029337288542e-14,1.4680553991604685e-14,-8.824784112393977e-15,2.9731626883048784e-12,1918074914.216278
2022-07-24 00:00:00,2.8150907429081164e-12,6.327079136252411e-13,5.002109057591442e-14,1.4812187648554918e-14,-8.936616492994307e-15,3.0048892818412895e-12,2084433331.613266
2022-07-24 01:00:00,2.8452017486601413e-12,6.415202473692975e-13,4.4811796335860855e-14,1.494440455304145e-14,-9.050218765805311e-15,3.03849969273833e-12,2319996196.3955917
2022-07-24 02:00:00,2.8748885496657205e-12,6.485823185440558e-13,4.1809870465139885e-14,1.507398637184372e-14,-9.174624387922187e-15,3.071467248842646e-12,2589912319.879162
2022-07-24 03:00:00,2.9053527041089634e-12,6.568941793122073e-13,4.194775401520957e-14,1.5216565331232487e-14,-9.295755444368487e-15,3.10369641629557e-12,2923052558.5343895
2022-07-24 04:00:00,2.9375762603740727e-12,6.671720613860109e-13,4.40094005211675e-14,1.5373407134351305e-14,-9.419762007517584e-15,3.1369160345173213e-12,3303494086.139847
2022-07-24 05:00:00,2.970169342109388e-12,6.776789253327606e-13,4.643553329009945e-14,1.5537355511164176e-14,-9.557733592540825e-15,3.1691517146264e-12,3690770327.751148
2022-07-24 06:00:00,3.002201124737964e-12,6.876043901817346e-13,5.0153505223595006e-14,1.5700659775101063e-14,-9.685463124721229e-15,3.2017432476846204e-12,4004593516.429291
2022-07-24 07:00:00,3.0328406133081015e-12,6.957165255433151e-13,5.477836169956236e-14,1.5844896375148004e-14,-9.796973118588389e-15,3.2331633704054312e-12,4158096487.52734
2022-07-24 08:00:00,3.059888843977071e-12,7.013504834167828e-13,6.105484079660563e-14,1.5953081125382806e-14,-9.890917626107012e-15,3.260632590262624e-12,4157892364.73489
2022-07-24 09:00:00,3.08166186952097e-12,7.004942935456717e-13,7.144676426823867e-14,1.602547451493864e-14,-9.972096087551225e-15,3.2811455438956246e-12,4039663125.253086
2022-07-24 10:00:00,3.0987556536659788e-12,6.959271802438138e-13,8.438317076874585e-14,1.606079381675716e-14,-1.0040634096478724e-14,3.2956182525614163e-12,3891042243.4163055
2022-07-24 11:00:00,3.1126628511581565e-12,6.911280076831514e-13,9.722302273933421e-14,1.6073913167604414e-14,-1.0094010174268015e-14,3.306463394628916e-12,3751572939.1034126
2022-07-24 12:00:00,3.1255421367718505e-12,6.833751653765144e-13,1.0615274395025766e-13,1.608233312166113e-14,-1.014327109806588e-14,3.318089120716525e-12,3575554108.876648
2022-07-24 13:00:00,3.1355124112955737e-12,6.733555434733052e-13,1.1222901029623063e-13,1.6077264995139127e-14,-1.0184309927624834e-14,3.328975180294231e-12,3374990854.944252
2022-07-24 14:00:00,3.1422492731264766e-12,6.634627298029184e-13,1.173892271703231e-13,1.6043858589953604e-14,-1.0202956151255806e-14,3.337845703276319e-12,3188313876.3661613
2022-07-24 15:00:00,3.1471712756213998e-12,6.548458400191004e-13,1.20469911327157e-13,1.5976154450396786e-14,-1.0212987722210603e-14,3.3459011432082728e-12,3011806679.788761
2022-07-24 16:00:00,3.1512991944187253e-12,6.475090549627135e-13,1.223129630243404e-13,1.5886524868907685e-14,-1.0215449572667338e-14,3.3527951206182922e-12,2850441116.3274918
2022-07-24 17:00:00,3.1557679850656855e-12,6.405733442189654e-13,1.2394445266916633e-13,1.5789917008026323e-14,-1.0201859997014234e-14,3.3582660537675114e-12,2717958905.109043
2022-07-24 18:00:00,3.1609719078477928e-12,6.347074121111164e-13,1.2444839013188526e-13,1.567997583418941e-14,-1.0175536519419502e-14,3.3642894518304615e-12,2604184923.687584
2022-07-24 19:00:00,3.1645908000485444e-12,6.289057082944982e-13,1.2479458604038136e-13,1.5561632205690188e-14,-1.0139660718402e-14,3.370393145603735e-12,2516679836.070114
2022-07-24 20:00:00,3.1666655576458208e-12,6.234622615840166e-13,1.2263533176223907e-13,1.544262791976549e-14,-1.0100331437032753e-14,3.374717364486073e-12,2460375365.761505
2022-07-24 21:00:00,3.1733131285597517e-12,6.272164791231014e-13,1.0527646126454967e-13,1.533127331177892e-14,-1.0057492896960074e-14,3.3840691061548494e-12,2401424345.7519608
2022-07-24 22:00:00,3.1849868802329574e-12,6.351765739160864e-13,8.027561181793015e-14,1.522965540926232e-14,-1.0020344561289585e-14,3.396740981645562e-12,2376952850.226158
2022-07-24 23:00:00,3.1977044104519106e-12,6.397689002492612e-13,5.80938933106991e-14,1.5131681427696933e-14,-9.968954173378128e-15,3.4117373577571453e-12,2412715217.1140175
2022-07-25 00:00:00,3.2092716055896478e-12,6.41930051172049e-13,4.3208373699244775e-14,1.504043738149159e-14,-9.903593581873261e-15,3.4256369029675296e-12,2486058747.187626
2022-07-25 01:00:00,3.2194611222075945e-12,6.414083234668826e-13,3.4382067766016826e-14,1.4944970544849628e-14,-9.828680370807999e-15,3.4373263206026272e-12,2551346700.8335953
2022-07-25 02:00:00,3.2283130852507075e-12,6.380720934485921e-13,2.8928747081858204e-14,1.4836241151191192e-14,-9.742852878697328e-15,3.4477161272765214e-12,2594899438.9070663
2022-07-25 03:00:00,3.2341397869543052e-12,6.366390727492705e-13,2.6031233189126454e-14,1.4717427181502356e-14,-9.648492148208317e-15,3.4550323256562913e-12,2679427817.0417747
2022-07-25 04:00:00,3.2356104247797583e-12,6.374667783569072e-13,2.4785406293421166e-14,1.4587805303353976e-14,-9.551370161724854e-15,3.456754957859065e-12,2810490355.894287
2022-07-25 05:00:00,3.232553540930553e-12,6.387697598836657e-13,2.4411493550764792e-14,1.4453006628397086e-14,-9.451654609273696e-15,3.4533982783253465e-12,2967576179.7818146
2022-07-25 06:00:00,3.227199622831914e-12,6.412340949163982e-13,2.471571810241709e-14,1.4329683551934207e-14,-9.352961772770461e-15,3.448716777100307e-12,3143844825.046257
2022-07-25 07:00:00,3.219829763519469e-12,6.435483286458517e-13,2.6114552968558162e-14,1.42153481940598e-14,-9.257225806642377e-15,3.442734046192148e-12,3269653755.301796
2022-07-25 08:00:00,3.2092272332307735e-12,6.45032353553609e-13,2.9096249806663127e-14,1.4096296990179138e-14,-9.161093083612978e-15,3.4343532192515435e-12,3296178321.6229362
2022-07-25 09:00:00,3.200774224987104e-12,6.432154906385587e-13,3.393214267018637e-14,1.399802401320666e-14,-9.079934510749214e-15,3.4294528876157804e-12,3250296061.346142
2022-07-25 10:00:00,3.1935447557268978e-12,6.393521621259142e-13,4.023489785747995e-14,1.3920480487698823e-14,-9.01006883659256e-15,3.4251869183211055e-12,3182744662.361866
2022-07-25 11:00:00,3.1860721167301754e-12,6.353802792448787e-13,4.686576799881921e-14,1.3841627836872051e-14,-8.940440137625034e-15,3.418877993875152e-12,3110365008.490921
2022-07-25 12:00:00,3.183364567671952e-12,6.298501565008854e-13,5.1789624671734603e-14,1.3765871103447072e-14,-8.8780406018513e-15,3.415479493590272e-12,3037454333.2322197
2022-07-25 13:00:00,3.1824207320148887e-12,6.22860290167297e-13,5.5344237154689e-14,1.3701250644971613e-14,-8.825444850983019e-15,3.4129234138246036e-12,2969942980.1793137
2022-07-25 14:00:00,3.1794710742184644e-12,6.15235032917473e-13,5.868540855456291e-14,1.3638037429258295e-14,-8.770440084756017e-15,3.4099893110909876e-12,2906984358.5674515
2022-07-25 15:00:00,3.175039297461814e-12,6.069973721656873e-13,5.938822008638431e-14,1.3559718566113705e-14,-8.715528875893427e-15,3.4070964754370966e-12,2843397416.6067886
2022-07-25 16:00:00,3.1709667369727886e-12,5.986513706583067e-13,5.844673178806897e-14,1.3473460681180003e-14,-8.66500717549979e-15,3.403350956163174e-12,2788737769.478054
2022-07-25 17:00:00,3.1670524448340536e-12,5.907131856315887e-13,5.787237637069909e-14,1.3393255970479867e-14,-8.614131945348362e-15,3.4003217586586253e-12,2750146021.224392
2022-07-25 18:00:00,3.165350946637595e-12,5.825209436735146e-13,5.611821906024216e-14,1.332466112737703e-14,-8.575169588959038e-15,3.398600374419539e-12,2699138206.174694
2022-07-25 19:00:00,3.165553608840615e-12,5.739333776562951e-13,5.41400869199911e-14,1.3265155391830239e-14,-8.538179681753853e-15,3.399033322528823e-12,2635177712.758026
2022-07-25 20:00:00,3.166907398648767e-12,5.654745599291859e-13,5.2280072580681256e-14,1.3207782388459252e-14,-8.497659086794983e-15,3.4004452175507315e-12,2570513443.719845
2022-07-25 21:00:00,3.1726874439548987e-12,5.597448857605593e-13,4.604120979640656e-14,1.3160188686736823e-14,-8.473402172557322e-15,3.404724650403394e-12,2503275622.3372803
2022-07-25 22:00:00,3.1824594708638395e-12,5.552428239026047e-13,3.631345799060845e-14,1.3122402300413942e-14,-8.462212820574302e-15,3.4119516903856183e-12,2441932505.158283
2022-07-25 23:00:00,3.1936558791124855e-12,5.489724588624246e-13,2.754024841269744e-14,1.3090348222080587e-14,-8.45825048565604e-15,3.4202987691731604e-12,2392825172.5559807
2022-07-26 00:00:00,3.2045364024216625e-12,5.422215004233785e-13,2.0455714259519524e-14,1.3064831323420467e-14,-8.463764552805955e-15,3.430807910513581e-12,2369354651.949169
2022-07-26 01:00:00,3.2156902916112575e-12,5.347779972122359e-13,1.5301485522093216e-14,1.3056583249536053e-14,-8.467636372337056e-15,3.4438631208664262e-12,2368683898.6336746
2022-07-26 02:00:00,3.228012584344516e-12,5.265382408949143e-13,1.1935874569800982e-14,1.3066512924235077e-14,-8.471879939305449e-15,3.4588652714258223e-12,2377938127.903576
2022-07-26 03:00:00,3.2414532830462503e-12,5.187853698963798e-13,1.0131454386419136e-14,1.3081984465634252e-14,-8.470664377786164e-15,3.4747888524281618e-12,2390532483.8401337
2022-07-26 04:00:00,3.2553883802034134e-12,5.11281575170198e-13,9.275763140981824e-15,1.309210761908075e-14,-8.465005622648743e-15,3.490298329128603e-12,2404608557.8118095
2022-07-26 05:00:00,3.269547804039507e-12,5.04032762431901e-13,8.76169835808813e-15,1.310427424567354e-14,-8.454119737327438e-15,3.505728556641563e-12,2411371694.1408653
2022-07-26 06:00:00,3.2842778252803146e-12,4.97229502009022e-13,9.07830344742865e-15,1.311242615825957e-14,-8.434518336804885e-15,3.5192906048134952e-12,2419822871.7074966
2022-07-26 07:00:00,3.2986394797406123e-12,4.917610621443304e-13,1.0405906986845737e-14,1.3129888593965647e-14,-8.41444083805631e-15,3.5286784163029537e-12,2424685810.2032166
2022-07-26 08:00:00,3.31148178763718e-12,4.882725170514096e-13,1.2503026166900824e-14,1.316249241475393e-14,-8.393874034902412e-15,3.537062098991798e-12,2426466507.827633
2022-07-26 09:00:00,3.3201997105487792e-12,4.859426879480092e-13,1.5718057099733476e-14,1.3192208861518376e-14,-8.373599475847141e-15,3.5433087136910947e-12,2432772191.8828316
2022-07-26 10:00:00,3.323736888646665e-12,4.842610649255852e-13,2.0158889189657176e-14,1.320365407248407e-14,-8.355187399346524e-15,3.544709058293543e-12,2447007416.4997215
2022-07-26 11:00:00,3.3236796681361458e-12,4.829659809771938e-13,2.4693653305699452e-14,1.3198795028729234e-14,-8.336125397053437e-15,3.542556931046241e-12,2469357419.256592
2022-07-26 12:00:00,3.3248137162367973e-12,4.813602473220585e-13,2.72184382309033e-14,1.3202508398748273e-14,-8.318246833503752e-15,3.5427476729929806e-12,2511148522.8005447
2022-07-26 13:00:00,3.3266968530131873e-12,4.80305652243486e-13,2.89530230741628e-14,1.3213491540783245e-14,-8.301266466073752e-15,3.5439886821407313e-12,2584415990.450531
2022-07-26 14:00:00,3.326843625355603e-12,4.804550667169394e-13,3.180604256690618e-14,1.3216641803118851e-14,-8.28570719542352e-15,3.542265085343006e-12,2695484392.315037
2022-07-26 15:00:00,3.3304845789240568e-12,4.820031024398075e-13,3.4486222554103295e-14,1.3224356181703587e-14,-8.278919499497653e-15,3.544836588064535e-12,2862558596.6607285
2022-07-26 16:00:00,3.3361558652598867e-12,4.846541695023062e-13,3.7337930107504975e-14,1.3239894874595857e-14,-8.27941523413041e-15,3.55060530519116e-12,3074252902.2128067
2022-07-26 17:00:00,3.3400055407085935e-12,4.879366956247095e-13,4.133319653008767e-14,1.3260389033660415e-14,-8.28588079597458e-15,3.5541192294047616e-12,3304262269.37339
2022-07-26 18:00:00,3.345606740375074e-12,4.903695153061199e-13,4.4572190873257085e-14,1.329290777499682e-14,-8.297574595490797e-15,3.5611460969244175e-12,3486268655.7273636
2022-07-26 19:00:00,3.352699412773337e-12,4.921519584411596e-13,4.7235828665865174e-14,1.3329818913468339e-14,-8.310488550785011e-15,3.5705742679351762e-12,3609484393.9064407
2022-07-26 20:00:00,3.3590161298544986e-12,4.950859830385935e-13,4.867327223152281e-14,1.3365131799759653e-14,-8.325783875932125e-15,3.578460143195231e-12,3704461277.577511
2022-07-26 21:00:00,3.365301936882616e-12,5.002886805321116e-13,4.6065910598205175e-14,1.341278357410896e-14,-8.336694741557468e-15,3.586428963396803e-12,3787984429.1833954
2022-07-26 22:00:00,3.3721977254063444e-12,5.07569512621685e-13,3.9861053759185094e-14,1.3469041210063973e-14,-8.343161531039349e-15,3.5951563954520137e-12,3878780484.199333
2022-07-26 23:00:00,3.3795563338896847e-12,5.155914516816944e-13,3.2657530280553635e-14,1.3518754351475915e-14,-8.341204086825897e-15,3.60386321817098e-12,3999921106.7940826
2022-07-27 00:00:00,3.383654734564671e-12,5.23168114964253e-13,2.7478881790437888e-14,1.354796077659758e-14,-8.342266459458417e-15,3.6096071749355554e-12,4092698661.405445
2022-07-27 01:00:00,3.3846675164590994e-12,5.311006506706116e-13,2.44024994890064e-14,1.356152436334504e-14,-8.339974587467427e-15,3.613255406994219e-12,4163456869.1155167
2022-07-27 02:00:00,3.3851270544522516e-12,5.398379871346771e-13,2.2453219519510984e-14,1.3576632613101867e-14,-8.343694493114197e-15,3.615295975441707e-12,4253977687.9678154
2022-07-27 03:00:00,3.3823652081606157e-12,5.490222720595899e-13,2.1704052465932408e-14,1.3584095144673737e-14,-8.333522709574134e-15,3.6144433413212037e-12,4360313814.312103
2022-07-27 04:00:00,3.3766743467762187e-12,5.589623910317896e-13,2.246375426858375e-14,1.3599685846164127e-14,-8.314483231189306e-15,3.610186737746593e-12,4534675436.224209
2022-07-27 05:00:00,3.3707244877895526e-12,5.704061873711858e-13,2.5266333658547697e-14,1.3632190450425072e-14,-8.294235594780483e-15,3.6056740784693884e-12,4874772823.848797
2022-07-27 06:00:00,3.363008317262022e-12,5.832906633138987e-13,3.2395258276441235e-14,1.3681771737306246e-14,-8.266354811311419e-15,3.5964072757922844e-12,5436528432.03714
2022-07-27 07:00:00,3.352103370100826e-12,5.984217179833201e-13,4.274269469947279e-14,1.3739071196331093e-14,-8.229432657517112e-15,3.5833953755869703e-12,6098183224.050213
2022-07-27 08:00:00,3.3369539989672756e-12,6.217518481557224e-13,5.926894133133684e-14,1.3762380836649099e-14,-8.204315395223143e-15,3.5680652630689882e-12,6667501938.07201
2022-07-27 09:00:00,3.3167350734983742e-12,6.480280591697191e-13,8.447535673412628e-14,1.3730490910033962e-14,-8.193059644640975e-15,3.5523770117702233e-12,6970724206.810013
2022-07-27 10:00:00,3.2927632908800475e-12,6.726550457907705e-13,1.153803569411439e-13,1.3680589912816108e-14,-8.178868632382353e-15,3.5348070051570533e-12,7062044707.775482
2022-07-27 11:00:00,3.267109440433232e-12,6.938406204951774e-13,1.5641838890351808e-13,1.3635052245431958e-14,-8.178353477190553e-15,3.5156041909673106e-12,7043645477.487991
2022-07-27 12:00:00,3.2462695458185715e-12,6.998246535014054e-13,1.9322211070517578e-13,1.3598274669987728e-14,-8.172909449626764e-15,3.501178875028354e-12,6866156015.90332
2022-07-27 13:00:00,3.228553195690224e-12,6.932997071990487e-13,2.2504231241921167e-13,1.3568573189383728e-14,-8.158197475864125e-15,3.4889597424794366e-12,6619085524.452301
2022-07-27 14:00:00,3.2098892013421927e-12,6.829787086278844e-13,2.669931020013332e-13,1.3552106104602693e-14,-8.151139188120404e-15,3.475992861856609e-12,6394756726.509209
2022-07-27 15:00:00,3.198504875447553e-12,6.651986537810037e-13,3.197201229314298e-13,1.3576791099366366e-14,-8.162516502516023e-15,3.470722927810868e-12,6142766219.438408
2022-07-27 16:00:00,3.192010399696717e-12,6.430836028760684e-13,3.905439358221708e-13,1.3648775746211169e-14,-8.206722728673059e-15,3.4695415828575178e-12,5916028304.502686
2022-07-27 17:00:00,3.1842864835864667e-12,6.251490880296913e-13,4.931301103140726e-13,1.3710166941729509e-14,-8.256254884834341e-15,3.469526887056656e-12,5741035890.756268
2022-07-27 18:00:00,3.177044806567784e-12,6.066935992862481e-13,6.197506659498552e-13,1.3766413943239126e-14,-8.323762422409923e-15,3.4675887690067245e-12,5543044726.176903
2022-07-27 19:00:00,3.1688656980792106e-12,5.849862628770253e-13,7.537504343838974e-13,1.3804401557193471e-14,-8.418795401502533e-15,3.4639526180577994e-12,5366062979.550217
2022-07-27 20:00:00,3.160090185923899e-12,5.765882730661916e-13,8.835853601565952e-13,1.3834194376169211e-14,-8.517767393250496e-15,3.4603089505281153e-12,5295607659.221195
2022-07-27 21:00:00,3.1504631780084657e-12,6.164019356237209e-13,9.485835779778036e-13,1.386632256344673e-14,-8.683350775174948e-15,3.456289519518949e-12,5406704200.621323
2022-07-27 22:00:00,3.142224172610563e-12,6.927576140551674e-13,9.639366194819576e-13,1.389055960655511e-14,-8.883663597550788e-15,3.4549594403015498e-12,6255868606.437729
2022-07-27 23:00:00,3.1371274500857838e-12,7.816291231674327e-13,9.556548994132326e-13,1.3926166877119439e-14,-9.07167640908858e-15,3.457233460504972e-12,8631882510.503757
2022-07-28 00:00:00,3.1326129432726992e-12,8.755009005947834e-13,9.510050805358875e-13,1.3925966981112446e-14,-9.333860125873734e-15,3.461419009610545e-12,12319933262.409107
2022-07-28 01:00:00,3.129489617886497e-12,9.698699063309542e-13,9.498287256565628e-13,1.3905705062506938e-14,-9.647431560965279e-15,3.4669979172688857e-12,16865126055.716248
2022-07-28 02:00:00,3.1303655785021745e-12,1.0627405779241508e-12,9.38644924422042e-13,1.3907445249990488e-14,-9.96892998708069e-15,3.4747649810976884e-12,22545896906.546646
2022-07-28 03:00:00,3.1338126192275777e-12,1.160354512140648e-12,9.239576209867871e-13,1.3897748902747023e-14,-1.0279901896975182e-14,3.48313912804688e-12,29316382285.193497
2022-07-28 04:00:00,3.140072034257405e-12,1.2622391728609354e-12,8.980135768358251e-13,1.3891055879963558e-14,-1.0579129690180455e-14,3.49154163761747e-12,37315720443.63431
2022-07-28 05:00:00,3.149863353201755e-12,1.3555861574416275e-12,8.499028324221736e-13,1.3922776763871367e-14,-1.08106040042964e-14,3.5014590755268403e-12,45993667922.101135
2022-07-28 06:00:00,3.162564666349119e-12,1.4303225454046435e-12,8.004323089954766e-13,1.3942924672678928e-14,-1.098455982285118e-14,3.5136945211175263e-12,53461709608.963005
2022-07-28 07:00:00,3.17466152579142e-12,1.4818439578747757e-12,7.721721456047536e-13,1.395570824838154e-14,-1.1128190623667029e-14,3.524417813861507e-12,57427708568.74814
2022-07-28 08:00:00,3.1823599121156927e-12,1.5108290647815184e-12,7.624880456742877e-13,1.3988307875140157e-14,-1.1260825753249696e-14,3.5313702610411558e-12,56991905667.12387
2022-07-28 09:00:00,3.1850430388360187e-12,1.5028422739311512e-12,7.657266988822085e-13,1.401272847592382e-14,-1.1317543916738682e-14,3.532414032841562e-12,53748192544.24353
2022-07-28 10:00:00,3.1839450739068994e-12,1.4744404201204793e-12,7.756598523552635e-13,1.4018981487441218e-14,-1.1341346315601138e-14,3.5284106493165015e-12,50353067968.52469
2022-07-28 11:00:00,3.1793564667562856e-12,1.4453791929899507e-12,7.861917466704019e-13,1.4012035143103156e-14,-1.134703353633514e-14,3.521422426938447e-12,47259963461.89781
2022-07-28 12:00:00,3.1737963173690847e-12,1.4100899446859931e-12,7.725061756454706e-13,1.4011459254378843e-14,-1.1290400120539132e-14,3.513925437920273e-12,44410678913.94748
2022-07-28 13:00:00,3.166656374647912e-12,1.3705474020591888e-12,7.425751577618405e-13,1.4010586347756586e-14,-1.1174691596459434e-14,3.505202421385093e-12,41692135926.443474
2022-07-28 14:00:00,3.1563008405921395e-12,1.3319738789903757e-12,7.1397410593657e-13,1.399560871145608e-14,-1.1070161151790886e-14,3.4939056890567963e-12,39075491936.65416
2022-07-28 15:00:00,3.142636137587431e-12,1.2924476880066254e-12,6.753138420996109e-13,1.3958770359119907e-14,-1.093423350921711e-14,3.48045426217224e-12,36572094686.610054
2022-07-28 16:00:00,3.127540329976442e-12,1.2521978408087887e-12,6.321832222692037e-13,1.3906275522025242e-14,-1.0782309525667435e-14,3.4657239514457022e-12,34182971495.19546
2022-07-28 17:00:00,3.111968546253909e-12,1.2128499080156802e-12,5.947938124259361e-13,1.3843521242861531e-14,-1.063208060838756e-14,3.4502197607906334e-12,31949032528.069893
2022-07-28 18:00:00,3.1006401110825582e-12,1.1750844007648791e-12,5.574712185157481e-13,1.3756486830342491e-14,-1.0494666471890277e-14,3.438005639488422e-12,29978643373.21296
2022-07-28 19:00:00,3.09128176241751e-12,1.1397960098893192e-12,5.275073041438179e-13,1.3669123825629491e-14,-1.0391434913198057e-14,3.4258821460382612e-12,28262066642.865658
2022-07-28 20:00:00,3.080915327047797e-12,1.118295034293249e-12,4.94733538302863e-13,1.3596030170429936e-14,-1.0301086946788875e-14,3.4129942041704257e-12,26770305943.762856
2022-07-28 21:00:00,3.070875449784954e-12,1.1368549069495968e-12,4.241540564365279e-13,1.3532174633869472e-14,-1.0222597082070626e-14,3.4022307170754063e-12,26188058294.63797
2022-07-28 22:00:00,3.062533572877461e-12,1.1711699384056464e-12,3.520508378468674e-13,1.3470717602395097e-14,-1.0159481725762777e-14,3.3956383069661743e-12,27747814664.512512
2022-07-28 23:00:00,3.0566219041332134e-12,1.1987541526058593e-12,3.2096646123841337e-13,1.340020429838896e-14,-1.0096765218265163e-14,3.3922057403310884e-12,30956020516.495117
2022-07-29 00:00:00,3.049358604930452e-12,1.2214308369299514e-12,3.0655741126876183e-13,1.3321093485781845e-14,-1.0028530145958562e-14,3.3878535972089464e-12,34609727051.27527
2022-07-29 01:00:00,3.0417657451213888e-12,1.2459450227697515e-12,3.0126384093680944e-13,1.32622917635821e-14,-9.962054775849861e-15,3.384074481788173e-12,38021881425.328285
2022-07-29 02:00:00,3.0361390947498014e-12,1.2678343668819608e-12,2.9271711968661664e-13,1.32356264350741e-14,-9.889625327406515e-15,3.3798515427991137e-12,41057454872.872215
2022-07-29 03:00:00,3.031993945952732e-12,1.298903285402484e-12,2.776020535244651e-13,1.3191186449424628e-14,-9.833226562013723e-15,3.3756596274898362e-12,44143554142.0804
2022-07-29 04:00:00,3.0283834202257732e-12,1.3383160579648567e-12,2.5956244447186307e-13,1.3136887237104092e-14,-9.792439863648502e-15,3.3717087823651957e-12,47203864185.54991
2022-07-29 05:00:00,3.025036778237808e-12,1.3743525686658973e-12,2.4145348928961686e-13,1.311202442100779e-14,-9.749071627199179e-15,3.3675820211426303e-12,49825033557.56629
2022-07-29 06:00:00,3.0166026108782488e-12,1.4115784412677532e-12,2.4038004101929864e-13,1.3088773980735768e-14,-9.717874806431526e-15,3.3621356558046418e-12,51879531994.28682
2022-07-29 07:00:00,3.0036442290566766e-12,1.4501154093483034e-12,2.551171072031913e-13,1.3077991600868884e-14,-9.711745680001406e-15,3.3511953190693778e-12,52720321312.19826
2022-07-29 08:00:00,2.9878497225186e-12,1.4838002241054176e-12,2.80312626497393e-13,1.308868947562855e-14,-9.707082917290918e-15,3.336194267815309e-12,52089511717.56459
2022-07-29 09:00:00,2.96949612420505e-12,1.4970521886233846e-12,3.4415796629485803e-13,1.3082676640958022e-14,-9.748127042668766e-15,3.3185617761594315e-12,49836374913.04344
2022-07-29 10:00:00,2.951158895257037e-12,1.4864136216664775e-12,4.556700253827385e-13,1.3195237454696576e-14,-9.945897588416649e-15,3.299001402514761e-12,46506689228.317375
2022-07-29 11:00:00,2.933674633390882e-12,1.4642335327856854e-12,6.139870429902433e-13,1.3371896871187171e-14,-1.0363581832037697e-14,3.2796995210162666e-12,43330139297.32513
2022-07-29 12:00:00,2.9178120997112122e-12,1.42910397450708e-12,9.123521861065025e-13,1.3543280215009683e-14,-1.1178703909237365e-14,3.264285426498468e-12,40044213574.73286
2022-07-29 13:00:00,2.9018732837402948e-12,1.3998633483089175e-12,1.3356916972808012e-12,1.369648580181196e-14,-1.204082265345015e-14,3.251260415535698e-12,36751820654.23102
2022-07-29 14:00:00,2.8849865467561323e-12,1.440327440141033e-12,1.798507344760084e-12,1.3838434889179462e-14,-1.2678385146066201e-14,3.2395047762804005e-12,33957241721.84561
2022-07-29 15:00:00,2.86909090344515e-12,1.5176406834905804e-12,2.2483351505841366e-12,1.398197244667019e-14,-1.3343239059636093e-14,3.228439391303988e-12,31877725371.92684
2022-07-29 16:00:00,2.853825322019661e-12,1.6113708879998222e-12,2.6893530558721432e-12,1.4135032066867045e-14,-1.4031967402887064e-14,3.2166782904740085e-12,30155440393.111755
2022-07-29 17:00:00,2.8389092271630834e-12,1.7262839195698449e-12,3.147996981321831e-12,1.4295526350715956e-14,-1.4615301665648278e-14,3.205098313421812e-12,28495009160.74742
2022-07-29 18:00:00,2.8268321026622113e-12,1.8095787864255984e-12,3.4955897709476974e-12,1.4424014197248144e-14,-1.5044797431221252e-14,3.1934624918728174e-12,27032298043.154953
2022-07-29 19:00:00,2.816353609193219e-12,1.875048422658891e-12,3.767723479706099e-12,1.450597790080306e-14,-1.5371282607297864e-14,3.1824163506929088e-12,25703343032.056812
2022-07-29 20:00:00,2.8063235587633e-12,1.9370125708673914e-12,4.024921264706473e-12,1.4591120774434764e-14,-1.5676594937902943e-14,3.1742313402183326e-12,24339074252.15084
2022-07-29 21:00:00,2.7985036564297395e-12,2.0819180742709427e-12,4.009989851801577e-12,1.466571592162344e-14,-1.5774601606698347e-14,3.1715893017896022e-12,16143895097.348976
2022-07-29 22:00:00,2.798004827831517e-12,2.4775636356332524e-12,3.5604959033616843e-12,1.4710966489548635e-14,-1.573754417858259e-14,3.178509869043158e-12,11078070996.567657
2022-07-29 23:00:00,2.81609283440881e-12,2.9559485849055025e-12,2.979475916531326e-12,1.4769566152807468e-14,-1.5719708520589667e-14,3.2009761181825322e-12,33077902347.469604
2022-07-30 00:00:00,2.848215174422786e-12,3.3547899293607896e-12,2.4020611067655847e-12,1.4805770600550044e-14,-1.558861696904808e-14,3.235381775398165e-12,67696147546.37317
2022-07-30 01:00:00,2.8861363437249206e-12,3.6325777594615986e-12,1.9121529487670943e-12,1.480451114898311e-14,-1.5349821722535102e-14,3.2759555492040523e-12,94182832135.87299
2022-07-30 02:00:00,2.9271747449381545e-12,3.803848668258879e-12,1.5275110261657982e-12,1.480259576872639e-14,-1.5119320891586106e-14,3.318789662036349e-12,110900686866.62756
2022-07-30 03:00:00,2.9693096864864758e-12,3.909460753697601e-12,1.2250306881027857e-12,1.4809911034160592e-14,-1.4912756119755364e-14,3.36225349805727e-12,124359060924.43182
2022-07-30 04:00:00,3.0096403818532765e-12,3.9714051461834375e-12,9.949328072719949e-13,1.4825114171645033e-14,-1.4707131920802183e-14,3.4011800666297783e-12,132260702306.13428
2022-07-30 05:00:00,3.0482240154211936e-12,3.98738088714467e-12,8.249785414846226e-13,1.4848794309025453e-14,-1.451310636602226e-14,3.4397559368712215e-12,135353480891.54932
2022-07-30 06:00:00,3.0837589074798186e-12,3.998642254987864e-12,7.27421301837568e-13,1.49927098193143e-14,-1.440521241715981e-14,3.474392985003834e-12,132220999640.75385
2022-07-30 07:00:00,3.1126834755192578e-12,4.003352209886836e-12,7.024277269192087e-13,1.528176965061018e-14,-1.4453491386727573e-14,3.501188219732195e-12,126935699540.23016
2022-07-30 08:00:00,3.131770559283612e-12,3.981863357994377e-12,7.315907165132e-13,1.5601125119933007e-14,-1.467526083821337e-14,3.5144477900510963e-12,118621744639.98431
2022-07-30 09:00:00,3.1375444569857448e-12,3.925921305172547e-12,8.148641282335796e-13,1.591370988592913e-14,-1.4971733516736377e-14,3.51299859185405e-12,105696808366.71054
2022-07-30 10:00:00,3.12456412617074e-12,3.824444799939312e-12,9.601835471535145e-13,1.6195543488364675e-14,-1.5397613574820484e-14,3.4930987791988353e-12,90266745225.7143
2022-07-30 11:00:00,3.0952426384645717e-12,3.698191843149938e-12,1.144708045972294e-12,1.6408295634488236e-14,-1.5925143290875065e-14,3.4555863495951728e-12,77317142676.69186
2022-07-30 12:00:00,3.0639793721685164e-12,3.5448895854934905e-12,1.3097569360402093e-12,1.653330218628341e-14,-1.6307917810764655e-14,3.4198904216840754e-12,67673031605.979126
2022-07-30 13:00:00,3.0317556320804555e-12,3.3767992471102836e-12,1.4528999574301337e-12,1.6584199467956175e-14,-1.655756581487207e-14,3.3857245250515506e-12,60095993965.328094
2022-07-30 14:00:00,2.998747321974919e-12,3.214397171118126e-12,1.5899514430876011e-12,1.6590576797511698e-14,-1.6757682703609575e-14,3.351178959374868e-12,54100703045.56607
2022-07-30 15:00:00,2.9731002816553442e-12,3.1233688074620633e-12,1.7150113772211863e-12,1.6573382844649258e-14,-1.707458197863567e-14,3.326322309884598e-12,49529161655.14072
2022-07-30 16:00:00,2.9517268312252686e-12,3.084386170795159e-12,1.834402636975594e-12,1.655060665350431e-14,-1.7474878547677594e-14,3.3086430235595236e-12,45889249438.58966
2022-07-30 17:00:00,2.9307695608759934e-12,3.052095102725725e-12,1.957095629256174e-12,1.653053373915028e-14,-1.7894682891939494e-14,3.2892079568416293e-12,42724966969.265915
2022-07-30 18:00:00,2.9144193908911562e-12,3.036533128846874e-12,2.074859555362201e-12,1.6524934079870233e-14,-1.8332765805492602e-14,3.2763333217521233e-12,40147739266.065765
2022-07-30 19:00:00,2.90154990981118e-12,3.0368096049465264e-12,2.190012016311008e-12,1.653618148060231e-14,-1.879152538117909e-14,3.2678232451050302e-12,38009199057.92166
2022-07-30 20:00:00,2.8918744272680335e-12,3.043809522474877e-12,2.2996263836336996e-12,1.6569001579249174e-14,-1.9210679213535116e-14,3.262920749462059e-12,36232398866.57599
2022-07-30 21:00:00,2.895939454945911e-12,3.1218723127089116e-12,2.282367252577047e-12,1.662922039512517e-14,-1.952232926757092e-14,3.2701647856665855e-12,39459508624.61334
2022-07-30 22:00:00,2.9226168098121906e-12,3.367528000767097e-12,2.020662152918239e-12,1.671784335582897e-14,-1.97776407145635e-14,3.298094619688795e-12,55605876310.71962
2022-07-30 23:00:00,2.968449275985057e-12,3.664697951848599e-12,1.6835112688188053e-12,1.6820711530419953e-14,-2.0025188894557714e-14,3.3448016869752345e-12,81293424010.462
2022-07-31 00:00:00,3.0245347160543964e-12,3.9221517497981526e-12,1.3568583538588341e-12,1.6953895385197605e-14,-2.0149537799544956e-14,3.3996389754431928e-12,112259946468.9981
2022-07-31 01:00:00,3.0875567903080645e-12,4.112045608180128e-12,1.082833000014746e-12,1.712072811732288e-14,-2.018887305291286e-14,3.4612665362757e-12,143673103693.16675
2022-07-31 02:00:00,3.157436860753662e-12,4.249538391480552e-12,8.747042820899603e-13,1.7288256743566437e-14,-2.0269167485807862e-14,3.529780435176756e-12,172465333938.45312
2022-07-31 03:00:00,3.225867658159971e-12,4.3322170556604985e-12,7.238029543206839e-13,1.745359269711454e-14,-2.0311607405334844e-14,3.595281509613363e-12,197616131600.1507
2022-07-31 04:00:00,3.2921013763550297e-12,4.381830872786135e-12,6.178867794901034e-13,1.763378401993147e-14,-2.0386971005258962e-14,3.657500639552276e-12,216961951390.08014
2022-07-31 05:00:00,3.3577022377511986e-12,4.423664570709113e-12,5.414048967382816e-13,1.7837135906636596e-14,-2.0570733356030416e-14,3.7201675553474085e-12,229885865053.2713
2022-07-31 06:00:00,3.4167895846090326e-12,4.4505488886304994e-12,4.842172292712428e-13,1.808923964127752e-14,-2.076976275138706e-14,3.7759553901816345e-12,235558722001.97006
2022-07-31 07:00:00,3.469285887698519e-12,4.4690380216073985e-12,4.445975295040328e-13,1.838721143764442e-14,-2.0969856219237735e-14,3.823246898968793e-12,233172227771.32852
2022-07-31 08:00:00,3.5116309119909884e-12,4.492186379637622e-12,4.236267050346149e-13,1.8698281708154993e-14,-2.118939830827286e-14,3.859041812707933e-12,223956617602.22702
2022-07-31 09:00:00,3.5463774089343126e-12,4.520104935989453e-12,4.1653761498454874e-13,1.8987471747984415e-14,-2.1372135264348364e-14,3.88831288916863e-12,210240142126.30707
2022-07-31 10:00:00,3.5678146997165184e-12,4.5439447996351896e-12,4.3951381617403365e-13,1.9234594323055558e-14,-2.1531451031651834e-14,3.905673704816314e-12,194883350932.2364
2022-07-31 11:00:00,3.5817825247204287e-12,4.566258568665603e-12,4.83262098494927e-13,1.9454031028993322e-14,-2.1691604790738642e-14,3.913931527505701e-12,180886701606.48557
2022-07-31 12:00:00,3.602015489984306e-12,4.591780935546917e-12,5.261270156119714e-13,1.961365533027214e-14,-2.1893678217234802e-14,3.930619071974609e-12,168649569897.47803
2022-07-31 13:00:00,3.627328117117763e-12,4.614378666053551e-12,5.7119092771401e-13,1.9729799793539923e-14,-2.2205113909798157e-14,3.950733448730011e-12,157538792931.957
2022-07-31 14:00:00,3.653054617272094e-12,4.6354324726409984e-12,6.214498144735187e-13,1.980968167947881e-14,-2.2690604194401777e-14,3.969969884419283e-12,147668194059.95728
2022-07-31 15:00:00,3.674245753991433e-12,4.654798088572032e-12,6.693774962307528e-13,1.9820733834892995e-14,-2.3146444418859156e-14,3.985402411639665e-12,139796719479.17422
2022-07-31 16:00:00,3.693752729189808e-12,4.673647800092467e-12,7.13677066329981e-13,1.9792040704499636e-14,-2.349871244033507e-14,4.00309746154977e-12,133410103019.12625
2022-07-31 17:00:00,3.714299525919326e-12,4.695267732652144e-12,7.559960266943142e-13,1.975898711949594e-14,-2.381918298406826e-14,4.023122896688433e-12,127792245944.4346
2022-07-31 18:00:00,3.7326717569881404e-12,4.716140102360477e-12,7.913266828039971e-13,1.9699976114270136e-14,-2.4027365246299453e-14,4.0428248060052814e-12,122935801658.44978
2022-07-31 19:00:00,3.749681280494319e-12,4.733410282439268e-12,8.210330608687198e-13,1.962670860802849e-14,-2.4156435152285255e-14,4.06143325622568e-12,118605074442.57965
2022-07-31 20:00:00,3.77271900007949e-12,4.746929790725314e-12,8.441256118958449e-13,1.9557207597690346e-14,-2.4269962460060702e-14,4.085490107667092e-12,115259319515.35727
2022-07-31 21:00:00,3.812277897416338e-12,4.802610697381094e-12,8.044524324344534e-13,1.9493700967734236e-14,-2.4359334588282017e-14,4.126998291914263e-12,116987239231.80707
2022-07-31 22:00:00,3.874318217949832e-12,4.909892553181841e-12,6.697076284336515e-13,1.943073183514745e-14,-2.4445385830739754e-14,4.1917053315610175e-12,126595855128.9975
2022-07-31 23:00:00,3.954792138440473e-12,5.003981297159615e-12,5.15565822546182e-13,1.9345160114328868e-14,-2.453712348058682e-14,4.272120356817603e-12,145309111676.7375
2022-08-01 00:00:00,4.053034750163139e-12,5.08229762867909e-12,3.855134728861956e-13,1.927624921939732e-14,-2.4676989139413237e-14,4.370226716998276e-12,172931588912.1882
2022-08-01 01:00:00,4.162382799577344e-12,5.134552269753653e-12,2.8637795501432744e-13,1.925979795922057e-14,-2.4837635868863317e-14,4.4799151883799184e-12,205204893504.02722
2022-08-01 02:00:00,4.275228226747527e-12,5.150426291167192e-12,2.1295230710287204e-13,1.9299178344772214e-14,-2.4976287178229456e-14,4.5934888333815115e-12,236842374195.37717
2022-08-01 03:00:00,4.385220623804569e-12,5.133983487854281e-12,1.6111123655770029e-13,1.939518920574603e-14,-2.509836943987866e-14,4.703717160390826e-12,263427294138.2442
2022-08-01 04:00:00,4.486135731427988e-12,5.0910734124450595e-12,1.2482855320062044e-13,1.952641849990668e-14,-2.51943065984227e-14,4.804988096285202e-12,282407971787.8849
2022-08-01 05:00:00,4.576087165740158e-12,5.039360421424529e-12,9.812177878038987e-14,1.9661127319142193e-14,-2.5277349954717066e-14,4.898276484517319e-12,293401042182.87805
2022-08-01 06:00:00,4.647825789644432e-12,4.964848313803298e-12,7.80822600551081e-14,1.9740025355480453e-14,-2.523917301828546e-14,4.9735750724471396e-12,294844152559.2255
2022-08-01 07:00:00,4.7007524803550085e-12,4.878395687466967e-12,6.389684607262227e-14,1.976532241697824e-14,-2.5149813270407055e-14,5.02722265696515e-12,287969349093.82117
2022-08-01 08:00:00,4.7368718748779255e-12,4.806074553317493e-12,5.4962639739146485e-14,1.977524336679669e-14,-2.511811788864848e-14,5.064246403521407e-12,276572274065.21497
2022-08-01 09:00:00,4.745898503326653e-12,4.731043426059957e-12,5.046239769544319e-14,1.9753770351550455e-14,-2.504678386749404e-14,5.070922063973991e-12,262524879206.3305
2022-08-01 10:00:00,4.729648328035613e-12,4.6587124784909694e-12,5.243491406810394e-14,1.9699988732506988e-14,-2.4961692321604278e-14,5.051457148831498e-12,248200421704.0103
2022-08-01 11:00:00,4.704606413526326e-12,4.596268100170281e-12,5.79656763991178e-14,1.9644970159367176e-14,-2.4927698610493344e-14,5.023535149225448e-12,235337068076.5802
2022-08-01 12:00:00,4.682809986395312e-12,4.54180052640693e-12,6.325643227798156e-14,1.961481526586054e-14,-2.4919227469679304e-14,4.998253349340825e-12,223890708951.99747
2022-08-01 13:00:00,4.663563846688622e-12,4.49127587822427e-12,6.83296000367783e-14,1.9630502124617012e-14,-2.490543004894317e-14,4.9739473123223455e-12,213420613031.2973
2022-08-01 14:00:00,4.6439991747578965e-12,4.439639926432334e-12,7.334378820090701e-14,1.9659800191795663e-14,-2.4869603761532493e-14,4.948553675148937e-12,203534969318.8736
2022-08-01 15:00:00,4.627252441756276e-12,4.3954443327947525e-12,7.792066862999505e-14,1.9692032667015068e-14,-2.4807923429848312e-14,4.928575032879325e-12,194225931597.77417
2022-08-01 16:00:00,4.612618572897321e-12,4.3543132105826895e-12,8.23270342588927e-14,1.9740183198485404e-14,-2.4727660613232224e-14,4.912294111795255e-12,185367739946.8852
2022-08-01 17:00:00,4.597704926225818e-12,4.308598587324037e-12,8.674970251368566e-14,1.980135556386777e-14,-2.4610611304403304e-14,4.894805033420472e-12,176800391699.08325
2022-08-01 18:00:00,4.5818767866275555e-12,4.249611326947167e-12,8.963302964912791e-14,1.9847802161358422e-14,-2.441367297615061e-14,4.8740704917712904e-12,168334696832.275
2022-08-01 19:00:00,4.565026562584283e-12,4.182088241395861e-12,9.130357994782118e-14,1.9896248329415152e-14,-2.4168677080383e-14,4.8518232638928785e-12,160146191299.36398
2022-08-01 20:00:00,4.553643655140496e-12,4.1132958653810296e-12,9.188051635211337e-14,1.9971666596655216e-14,-2.3915251766563295e-14,4.833766702072447e-12,152531546049.25754
2022-08-01 21:00:00,4.552380622843669e-12,4.031839184585502e-12,8.661628435130886e-14,2.00385208550612e-14,-2.358080322295673e-14,4.824624626517863e-12,145938445952.82864
2022-08-01 22:00:00,4.566557294212783e-12,3.935191762436802e-12,7.14629958243469e-14,2.0084207871522454e-14,-2.3193897614661383e-14,4.8307919320589996e-12,142346348590.11948
2022-08-01 23:00:00,4.5946356821015025e-12,3.8263483390685384e-12,5.334110535941349e-14,2.011298915361766e-14,-2.279561585104468e-14,4.851639897926369e-12,143832846570.90097
2022-08-02 00:00:00,4.630429384114717e-12,3.708639614534964e-12,3.808843767398561e-14,2.0133305038391667e-14,-2.237938464183855e-14,4.88179872576238e-12,150120710445.93817
2022-08-02 01:00:00,4.667980734584792e-12,3.585218699306035e-12,2.6735579132441774e-14,2.0149607979275743e-14,-2.1946780584854782e-14,4.916502464226133e-12,158980253905.94623
2022-08-02 02:00:00,4.705547766331556e-12,3.4594312934651127e-12,1.880838521058078e-14,2.0148272037710407e-14,-2.1527468618627485e-14,4.9522955179524204e-12,167641725528.9555
2022-08-02 03:00:00,4.74466601820282e-12,3.34260650313412e-12,1.3737553863052155e-14,2.017544052631571e-14,-2.1144535996603117e-14,4.989159150251755e-12,175316601550.9032
2022-08-02 04:00:00,4.7847639317786915e-12,3.2335173258314944e-12,1.0443439519321471e-14,2.0240561563053413e-14,-2.0767967967175494e-14,5.025764138392336e-12,180540702314.06467
2022-08-02 05:00:00,4.821844851075767e-12,3.127736655163231e-12,8.219684976698863e-15,2.029319927942485e-14,-2.0350420933600053e-14,5.061281950529885e-12,181300830035.38983
2022-08-02 06:00:00,4.854096991938099e-12,3.02940484078634e-12,7.048744364696552e-15,2.030618555421832e-14,-1.9931326665760762e-14,5.091698258180488e-12,177718291091.64648
2022-08-02 07:00:00,4.87798613095002e-12,2.9384726981526642e-12,6.669697541491237e-15,2.027520211261923e-14,-1.9512981118590757e-14,5.112797274868073e-12,170169923525.4447
2022-08-02 08:00:00,4.890214935054874e-12,2.85687604020524e-12,6.926123807442975e-15,2.020055888077319e-14,-1.909837235968039e-14,5.123225624478916e-12,159621833641.2763
2022-08-02 09:00:00,4.8911970237249955e-12,2.786192989512905e-12,8.169000674469851e-15,2.013031888020372e-14,-1.8727724432340298e-14,5.123030177418643e-12,148168236871.4245
2022-08-02 10:00:00,4.8807302289929536e-12,2.7267173140978993e-12,1.0550020395554076e-14,2.006240746449783e-14,-1.8406297984622808e-14,5.111246353032159e-12,137193248572.61406
2022-08-02 11:00:00,4.8608878869465555e-12,2.672221425845411e-12,1.3587293640396849e-14,1.995064109310708e-14,-1.811349140754023e-14,5.089873503339335e-12,127012258141.74588
2022-08-02 12:00:00,4.839887997162156e-12,2.6207945737754314e-12,1.6485505029008642e-14,1.9857995063679167e-14,-1.785482079012943e-14,5.069348242888733e-12,118035535987.17535
2022-08-02 13:00:00,4.817489797190049e-12,2.5701450362895717e-12,1.9391988963384666e-14,1.980375348540096e-14,-1.7634495427074124e-14,5.0474328298076045e-12,110061489489.17572
2022-08-02 14:00:00,4.791261688869469e-12,2.5171765485844985e-12,2.2564799669287813e-14,1.9752308542466757e-14,-1.7442663788177038e-14,5.021307446348769e-12,102756184711.44568
2022-08-02 15:00:00,4.763878715784162e-12,2.4662512223476876e-12,2.5910245256640866e-14,1.977126325340033e-14,-1.7253417334365207e-14,4.9929785240046044e-12,96440112902.35278
2022-08-02 16:00:00,4.7355319822385845e-12,2.415248082562902e-12,2.934223091800576e-14,1.985290745467711e-14,-1.705930547359157e-14,4.963892460062728e-12,90879429984.98434
2022-08-02 17:00:00,4.705851582232857e-12,2.3628887979027037e-12,3.2827683185844407e-14,1.994178154436233e-14,-1.6869260381656323e-14,4.932159493736477e-12,85798278827.23965
2022-08-02 18:00:00,4.674026540617686e-12,2.3068280924571402e-12,3.6714972234269856e-14,2.006685213266098e-14,-1.6660516427606367e-14,4.896387199274161e-12,81101281678.39255
2022-08-02 19:00:00,4.638416139989468e-12,2.248355722867824e-12,4.102780854297588e-14,2.020187459445181e-14,-1.6444067634323796e-14,4.855713731061033e-12,76833327209.12463
2022-08-02 20:00:00,4.599183025781787e-12,2.1885600042743327e-12,4.4202774139361906e-14,2.030211100721004e-14,-1.6236527313543498e-14,4.8114909452796844e-12,72965510202.82368
2022-08-02 21:00:00,4.557657592206104e-12,2.117967400658117e-12,4.376392782591325e-14,2.0330952475376574e-14,-1.6024384301742285e-14,4.763392513481876e-12,69161639036.23802
2022-08-02 22:00:00,4.519228058990374e-12,2.037796536027478e-12,3.8196671816298615e-14,2.0309133089733132e-14,-1.5798045194162913e-14,4.718862934435571e-12,65700961192.62068
2022-08-02 23:00:00,4.485987219255187e-12,1.9534377748160417e-12,3.0471961586284955e-14,2.0248152668616308e-14,-1.5565876823865088e-14,4.680657029776164e-12,63089017592.57997
2022-08-03 00:00:00,4.452002080196692e-12,1.863408267928954e-12,2.3482006507905942e-14,2.011941411513859e-14,-1.5304730282476817e-14,4.644612479003028e-12,61201585667.66432
2022-08-03 01:00:00,4.417106409463114e-12,1.772850986336185e-12,1.801913107881425e-14,1.9951958664209365e-14,-1.503185584725513e-14,4.609135901270581e-12,59865665177.14782
2022-08-03 02:00:00,4.38202173520848e-12,1.6866027347326588e-12,1.3956766163461518e-14,1.9766987788654028e-14,-1.4771119244775767e-14,4.57566860282073e-12,58783123102.07154
2022-08-03 03:00:00,4.348202045669468e-12,1.6047192304903826e-12,1.1195765840022622e-14,1.953436047008445e-14,-1.4523500670850468e-14,4.545437007392877e-12,57519994677.2497
2022-08-03 04:00:00,4.314378348237173e-12,1.5282084022725882e-12,9.380368510017901e-15,1.9283351588206274e-14,-1.4294805426892667e-14,4.51594804887422e-12,55956013130.81535
2022-08-03 05:00:00,4.2793543779864355e-12,1.4584275158410197e-12,8.230087659031157e-15,1.9033840128176125e-14,-1.4082977455067441e-14,4.485190852876666e-12,54138215608.38918
2022-08-03 06:00:00,4.247967721013345e-12,1.3960733144017133e-12,7.927153535564425e-15,1.8811945200062062e-14,-1.3883879631013324e-14,4.455788859972167e-12,52081525103.20742
2022-08-03 07:00:00,4.2160424781596135e-12,1.3407568814776504e-12,8.579079103626644e-15,1.8622540725027086e-14,-1.3695609903519158e-14,4.424948062619494e-12,49750717417.3173
2022-08-03 08:00:00,4.1795873910379695e-12,1.2919815450032366e-12,1.046381965459147e-14,1.844162192295012e-14,-1.3520941244972692e-14,4.3887277575663385e-12,47237640623.11496
2022-08-03 09:00:00,4.142102336535915e-12,1.2511698770395357e-12,1.3243553276853303e-14,1.8254300287915e-14,-1.336071252686748e-14,4.3514988069914686e-12,44819158169.754906
2022-08-03 10:00:00,4.102347410177807e-12,1.216609517309704e-12,1.6737588075457258e-14,1.8063354694975618e-14,-1.3209730635491388e-14,4.313424843559223e-12,42521789695.29062
2022-08-03 11:00:00,4.0604793735041534e-12,1.1840309773924532e-12,2.089790847837049e-14,1.787914287401021e-14,-1.3071298913758483e-14,4.273545503089426e-12,40290603510.66523
2022-08-03 12:00:00,4.0218482001353766e-12,1.1564224970328412e-12,2.4080946292178633e-14,1.7699036295354786e-14,-1.295911908945962e-14,4.2375528951930425e-12,38361621518.93855
2022-08-03 13:00:00,3.984015697478395e-12,1.1321490921538723e-12,2.6543941900254524e-14,1.7525889696681086e-14,-1.285956070642884e-14,4.2034965508700515e-12,36656605186.84642
2022-08-03 14:00:00,3.943818079565303e-12,1.1073505552842402e-12,2.9132455884303026e-14,1.7361539878250807e-14,-1.2762090363249876e-14,4.169072652441136e-12,34993063462.38176
2022-08-03 15:00:00,3.904814318325577e-12,1.0858091325262947e-12,3.079448275875277e-14,1.7217677978910608e-14,-1.2684732469293967e-14,4.135654580070101e-12,33535845637.652725
2022-08-03 16:00:00,3.867793018719538e-12,1.0670911099158477e-12,3.192000147434856e-14,1.709359969816969e-14,-1.2619981556466822e-14,4.105129902395453e-12,32246179327.10225
2022-08-03 17:00:00,3.8320787956682095e-12,1.0489590912882472e-12,3.341710707391367e-14,1.698734139150107e-14,-1.2561218660747793e-14,4.072769788921597e-12,31015316101.937195
2022-08-03 18:00:00,3.794413491203108e-12,1.029226511571697e-12,3.445434683430078e-14,1.6865500763255702e-14,-1.2494124193026029e-14,4.035860793949815e-12,29739952660.555527
2022-08-03 19:00:00,3.753884888404547e-12,1.0083230678791737e-12,3.5026031718184186e-14,1.6734429601221036e-14,-1.2422281244654896e-14,3.9954457678961255e-12,28452984932.97769
2022-08-03 20:00:00,3.711962614402754e-12,9.873170241769088e-13,3.4504241416581185e-14,1.6608274210624107e-14,-1.2349321380289403e-14,3.955573059473099e-12,27218042251.53083
2022-08-03 21:00:00,3.6683864714547155e-12,9.633207593924361e-13,3.1403617449152013e-14,1.6449862500352114e-14,-1.2259789020266149e-14,3.914065239463136e-12,25940890155.268036
2022-08-03 22:00:00,3.6268130474453093e-12,9.362077216795864e-13,2.564188504867341e-14,1.6276772295307172e-14,-1.2168421255698938e-14,3.8731608324984376e-12,24684210636.28257
2022-08-03 23:00:00,3.5884416742696546e-12,9.063659592950956e-13,1.948087257108177e-14,1.6107934576174463e-14,-1.2082595114360374e-14,3.837271044286699e-12,23566320512.319687
2022-08-04 00:00:00,3.5550474096454324e-12,8.74284091756611e-13,1.4513025192595064e-14,1.5939172104073148e-14,-1.1982963994519032e-14,3.806688353168005e-12,22599172516.20382
2022-08-04 01:00:00,3.5242331756215257e-12,8.4047052973591e-13,1.076618645313474e-14,1.577899675210924e-14,-1.188009039882618e-14,3.780163526835658e-12,21766406499.88765
2022-08-04 02:00:00,3.49314894254927e-12,8.049501091070523e-13,7.958811104344687e-15,1.5623622071723238e-14,-1.177674870049453e-14,3.752680527108744e-12,21022300926.886887
2022-08-04 03:00:00,3.464116549792216e-12,7.6939056472613e-13,6.344529432276184e-15,1.547198782617742e-14,-1.1669265957835304e-14,3.72766083943792e-12,20342660547.498672
2022-08-04 04:00:00,3.43664777117494e-12,7.346794716913591e-13,5.476777981188891e-15,1.5315846044521474e-14,-1.1568386635497303e-14,3.701689245923539e-12,19609689908.30278
2022-08-04 05:00:00,3.4095055901097536e-12,7.011693825961954e-13,4.8895905630388434e-15,1.5147962825073727e-14,-1.1466627008622952e-14,3.67688052364265e-12,18775309025.000343
2022-08-04 06:00:00,3.3813842290274704e-12,6.702984547951547e-13,4.990053491523395e-15,1.4983140116750725e-14,-1.1365740021273411e-14,3.650260104683522e-12,17934796917.106903
2022-08-04 07:00:00,3.352896991976534e-12,6.427347949874874e-13,5.654087957044358e-15,1.483263077550706e-14,-1.1270410821218112e-14,3.6243567713902435e-12,17057773207.185547
2022-08-04 08:00:00,3.324425473967198e-12,6.182304562196931e-13,6.688183535365339e-15,1.467880201981391e-14,-1.1183762998828491e-14,3.59853433947723e-12,16144856399.860886
2022-08-04 09:00:00,3.295107984063704e-12,5.972354531684533e-13,8.335003787797798e-15,1.4524391837336013e-14,-1.1103102060269814e-14,3.5698555492691303e-12,15316380199.41043
2022-08-04 10:00:00,3.264302025002399e-12,5.789772491809139e-13,1.1084710576315934e-14,1.436653517944101e-14,-1.1022750750345065e-14,3.538448949437885e-12,14554795867.174301
2022-08-04 11:00:00,3.2331597754141176e-12,5.617332064123965e-13,1.4302330680952186e-14,1.4192271813198301e-14,-1.0941581598924872e-14,3.506522301470522e-12,13805212139.114006
2022-08-04 12:00:00,3.203272595456182e-12,5.457864701478337e-13,1.6677481754005702e-14,1.4016295972119394e-14,-1.086893175494441e-14,3.475476430586706e-12,13160939751.053345
2022-08-04 13:00:00,3.1726861315746893e-12,5.305858050857751e-13,1.8420928831460053e-14,1.3847352977665697e-14,-1.0794345740917743e-14,3.4440319730992893e-12,12566687363.97374
2022-08-04 14:00:00,3.1410657477586552e-12,5.150276647833403e-13,2.0007152465124794e-14,1.3673825921928e-14,-1.0719916207505576e-14,3.4122765790297567e-12,11943241143.164307
2022-08-04 15:00:00,3.107831696031247e-12,5.001738075289881e-13,2.151477981908828e-14,1.3521629317905068e-14,-1.0646976926873597e-14,3.3805817857564914e-12,11365591451.095215
2022-08-04 16:00:00,3.0764100130218773e-12,4.862526167485517e-13,2.3025398630491253e-14,1.3401815414073449e-14,-1.0573457415615674e-14,3.3513904622896548e-12,10835697805.909233
2022-08-04 17:00:00,3.049432729555587e-12,4.735174451629926e-13,2.461555327993784e-14,1.3302616527542652e-14,-1.0515365385789545e-14,3.3259284699738754e-12,10329900443.979607
2022-08-04 18:00:00,3.022880564804352e-12,4.605512682634383e-13,2.63236573271165e-14,1.3218115361535544e-14,-1.047273603951334e-14,3.3000241199232156e-12,9837839887.22329
2022-08-04 19:00:00,2.997552038766955e-12,4.4743134142737964e-13,2.8036934959550803e-14,1.3142052893961908e-14,-1.0432415154561189e-14,3.2743257281941198e-12,9367485905.330574
2022-08-04 20:00:00,2.9750275592131824e-12,4.345294025676258e-13,2.959622103232783e-14,1.3068242908188287e-14,-1.0395964908264488e-14,3.250878757468659e-12,8912726348.919884
2022-08-04 21:00:00,2.95427149389069e-12,4.2178648849354323e-13,3.019969068759986e-14,1.2977385896270587e-14,-1.0357348927623095e-14,3.228986975941492e-12,8432577736.86541
2022-08-04 22:00:00,2.935417053287404e-12,4.107899947904972e-13,2.685366354092481e-14,1.2868936269826038e-14,-1.032383635734974e-14,3.209385348693885e-12,7925382540.043694
2022-08-04 23:00:00,2.920350055211e-12,4.0050543544705977e-13,2.1032674533717254e-14,1.2746786264056945e-14,-1.0294536433574302e-14,3.1952102470739635e-12,7440937644.76577
2022-08-05 00:00:00,2.9085018002797234e-12,3.902182679409474e-13,1.557368148000194e-14,1.2615033552815047e-14,-1.0274863335057504e-14,3.1852688507999854e-12,7035795169.010651
2022-08-05 01:00:00,2.8974707996238766e-12,3.78688415472423e-13,1.1315432485311299e-14,1.2475389775518053e-14,-1.0258342753011286e-14,3.176138695803428e-12,6717874500.317062
2022-08-05 02:00:00,2.8858657984134164e-12,3.6510624336805167e-13,8.23374459075294e-15,1.2330375610134583e-14,-1.023885097575072e-14,3.164258130572561e-12,6437166336.535427
2022-08-05 03:00:00,2.8734656740528364e-12,3.515485867819592e-13,6.150572598894772e-15,1.2191533055585277e-14,-1.0226630445444294e-14,3.1494704609491375e-12,6166557176.98774
2022-08-05 04:00:00,2.859804904023055e-12,3.385166900600129e-13,4.7717557726616254e-15,1.2056134986657998e-14,-1.0222650102274386e-14,3.1338513779468996e-12,5893779735.764229
2022-08-05 05:00:00,2.8448803190674466e-12,3.2591898506004833e-13,3.882839067963993e-15,1.1914079331078738e-14,-1.0212565965944805e-14,3.1174070269452926e-12,5602739429.190155
2022-08-05 06:00:00,2.834441765808887e-12,3.136145669231338e-13,3.3074728082611742e-15,1.1790924555768894e-14,-1.0203428785253562e-14,3.1048464661117775e-12,5248719105.933533
2022-08-05 07:00:00,2.827613588947294e-12,3.0257280716846613e-13,3.0758479023682244e-15,1.1688154867611226e-14,-1.0195565795961493e-14,3.0948727122248353e-12,4851070998.719093
2022-08-05 08:00:00,2.8214222364157637e-12,2.937137377900404e-13,3.2345096750860918e-15,1.1589640783000836e-14,-1.0183972755635477e-14,3.0856024982938854e-12,4444303484.204216
2022-08-05 09:00:00,2.8190002478614273e-12,2.855130625072118e-13,3.688557736521548e-15,1.1497904370024762e-14,-1.016086998476717e-14,3.078249029492538e-12,4043375595.4289207
2022-08-05 10:00:00,2.8195275230390787e-12,2.7780739041774583e-13,4.508658845919608e-15,1.1417281856363588e-14,-1.0119701783339897e-14,3.0735543832867435e-12,3669670753.560459
2022-08-05 11:00:00,2.821418013180245e-12,2.711873071902352e-13,5.500165343952526e-15,1.134697928397669e-14,-1.008174030036593e-14,3.069420776055755e-12,3349128592.3092575
2022-08-05 12:00:00,2.82226822087674e-12,2.6451963381655076e-13,6.327879676358767e-15,1.1279499921887213e-14,-1.0039737207115434e-14,3.064522925558728e-12,3067878821.631996
2022-08-05 13:00:00,2.8214762897723694e-12,2.580118390897483e-13,7.062030737321648e-15,1.1216049523125902e-14,-9.999257336827813e-15,3.058409337115526e-12,2827527908.0358086
2022-08-05 14:00:00,2.8197820634245645e-12,2.523448311598891e-13,7.860353951630047e-15,1.1155313182210995e-14,-9.947860617669637e-15,3.05370768392716e-12,2630479292.5935936
2022-08-05 15:00:00,2.8156727027431016e-12,2.4718690216218137e-13,8.651017303730961e-15,1.1095374808133255e-14,-9.909927495197954e-15,3.0469200787566264e-12,2470213057.681736
2022-08-05 16:00:00,2.8101200755473805e-12,2.4283735796509083e-13,9.540903823773033e-15,1.1040310854541973e-14,-9.86877407005324e-15,3.0393988894383595e-12,2349466691.203411
2022-08-05 17:00:00,2.8036311571738435e-12,2.3962442678692547e-13,1.0615408110443783e-14,1.0983106704485255e-14,-9.833975941169062e-15,3.0314117143307673e-12,2264933284.4692802
2022-08-05 18:00:00,2.796596013522877e-12,2.370494629714281e-13,1.1494515888002673e-14,1.0925470420429294e-14,-9.798456976707184e-15,3.0227675856143673e-12,2209633286.2667885
2022-08-05 19:00:00,2.7909500279869096e-12,2.3534180939380687e-13,1.232030455256402e-14,1.086489370108569e-14,-9.760332156636137e-15,3.0148944000168982e-12,2176246475.5288506
2022-08-05 20:00:00,2.78746535326378e-12,2.3497409057436305e-13,1.2771987640418802e-14,1.080456462947604e-14,-9.724631068213308e-15,3.0090723847957406e-12,2155111911.8908234
2022-08-05 21:00:00,2.788402195485674e-12,2.363015996560785e-13,1.2025108289937111e-14,1.0766868423810104e-14,-9.685239533586791e-15,3.0071928842515308e-12,2173595913.4139175
2022-08-05 22:00:00,2.7929855257460923e-12,2.3893413733874627e-13,1.0319023965503478e-14,1.0751835592208063e-14,-9.647844133462213e-15,3.0105841539507897e-12,2234777571.907791
2022-08-05 23:00:00,2.8007531386698838e-12,2.4184538961086616e-13,8.292660249852302e-15,1.07480686865436e-14,-9.60325282704402e-15,3.0176982623335995e-12,2334286733.5680504
