time,SO4_sfc_diff,SO2_sfc_diff,DMS_sfc_diff,HMS_sfc_diff,SS_sfc_diff,SF_sfc_diff,NK_sfc_diff
2022-07-20 00:00:00,3.283721809898968e-11,7.861788169356147e-11,1.1036338767494105e-10,5.64583643766012e-13,-1.0366068563243012e-13,1.5046793814775145e-11,1417384367.3859406
2022-07-20 01:00:00,3.3267762599366974e-11,7.80384868309603e-11,1.0499617415118005e-10,6.287770092220399e-13,-1.0349417343810527e-13,1.4757118459743223e-11,1329961449.1324844
2022-07-20 02:00:00,3.317196616446616e-11,7.954495673518909e-11,9.894555401282484e-11,6.763319213550958e-13,-1.0140542353548102e-13,1.470033086624787e-11,1354369532.5255432
2022-07-20 03:00:00,3.367051257537596e-11,8.214611835068474e-11,9.411034801372676e-11,6.898329716427399e-13,-9.932741622333609e-14,1.5157294692609524e-11,1374729635.4906845
2022-07-20 04:00:00,3.472123123505082e-11,8.406447106187698e-11,9.271301912978584e-11,6.762398082448341e-13,-9.846300853260357e-14,1.5943918820494097e-11,1373770232.0625153
2022-07-20 05:00:00,3.5460136977816536e-11,8.454716808333617e-11,9.353859257033446e-11,6.551687434434745e-13,-1.0208606284986203e-13,1.6922053032452254e-11,1387323101.3457108
2022-07-20 06:00:00,3.638476403371838e-11,8.387950962780661e-11,1.0101260309342672e-10,6.458962347815506e-13,-1.1529583004309698e-13,1.7816242556680905e-11,1412627537.7601013
2022-07-20 07:00:00,3.6457858361618174e-11,8.112239704228103e-11,1.1282231563656876e-10,6.214275963673947e-13,-1.251136279091261e-13,1.841196563264268e-11,1455359517.0500183
2022-07-20 08:00:00,3.589802155962921e-11,7.688347910045844e-11,1.2828266927332956e-10,5.966692809977579e-13,-1.311566192047614e-13,1.853079005889034e-11,1428929644.7735825
2022-07-20 09:00:00,3.569794015539039e-11,7.371273726388589e-11,1.4142708665478036e-10,5.869997388768826e-13,-1.337872726215391e-13,1.8744211031475423e-11,1457159294.0305023
2022-07-20 10:00:00,3.556282799273961e-11,8.017672705990523e-11,1.5026632904147782e-10,5.86829892762774e-13,-1.35896998062603e-13,1.893950365795664e-11,1555367706.3644333
2022-07-20 11:00:00,3.5407983304406513e-11,9.783475924348237e-11,1.4882103136584075e-10,5.943719362472886e-13,-1.3879475292494576e-13,1.9070324413107567e-11,1572420631.431427
2022-07-20 12:00:00,3.5368439583821685e-11,1.121722480683545e-10,1.5284505631236106e-10,5.983930223398279e-13,-1.4439842292031362e-13,1.9478621570869283e-11,1549617164.4227066
2022-07-20 13:00:00,3.5298578996376856e-11,1.225892211954367e-10,1.6238283279361165e-10,6.019028496691517e-13,-1.5337627725835713e-13,1.975151764552402e-11,1541181736.1807709
2022-07-20 14:00:00,3.543326255545828e-11,1.2992528613167383e-10,1.7429140535228188e-10,6.055643666163736e-13,-1.612419634201691e-13,2.0013117908549594e-11,1583929081.3751678
2022-07-20 15:00:00,3.533926561521205e-11,1.364546294370376e-10,1.9124784522123757e-10,6.269825868461142e-13,-1.7077165058631175e-13,2.0189446004730013e-11,1574433913.065483
2022-07-20 16:00:00,3.457885110108337e-11,1.4160699391980016e-10,2.068066998770437e-10,6.568333825642235e-13,-1.7443600518286767e-13,2.009659375344646e-11,1569669223.5533981
2022-07-20 17:00:00,3.312065675270029e-11,1.4816853898273377e-10,2.1784493194791404e-10,6.748526191852741e-13,-1.7199980749710822e-13,1.965732676106521e-11,1738845857.7471924
2022-07-20 18:00:00,3.162438118117541e-11,1.5463853677108306e-10,2.2430295688910497e-10,6.969287014058928e-13,-1.5863235522021714e-13,1.902331597035897e-11,1829409690.3640594
2022-07-20 19:00:00,3.0107526888527526e-11,1.6012239005480757e-10,2.2118643396590737e-10,7.198737656295567e-13,-1.4309022224634328e-13,1.826405908729133e-11,1903458239.2123413
2022-07-20 20:00:00,2.912103542322875e-11,1.6548706712647225e-10,2.123242340764634e-10,7.615357625860462e-13,-1.2954156643119885e-13,1.7583551018464914e-11,1941751267.0307465
2022-07-20 21:00:00,2.847339150538474e-11,1.5081927409986328e-10,2.2054676824163724e-10,7.942527971653399e-13,-1.1609849612835713e-13,1.6947571527830803e-11,1950095500.6225739
2022-07-20 22:00:00,2.7832817850986832e-11,1.2783322670045895e-10,2.4643072870111296e-10,8.244360144087158e-13,-1.0743714904310931e-13,1.612172966215635e-11,1954785664.9783401
2022-07-20 23:00:00,2.7029009242058198e-11,1.1023431263110099e-10,2.6892405046356095e-10,8.366058107585461e-13,-9.746691758271894e-14,1.5122718943186413e-11,1958959061.8741379
2022-07-21 00:00:00,2.612123944721045e-11,1.0403555045390904e-10,2.72524676774885e-10,8.517907151835451e-13,-8.370636596731633e-14,1.3956621700075294e-11,1881959134.068161
2022-07-21 01:00:00,2.493398085073234e-11,1.0663198931735325e-10,2.5637730685069186e-10,8.580403803317264e-13,-6.977250288101902e-14,1.267161663373584e-11,1897238854.0435028
2022-07-21 02:00:00,2.2808497620247425e-11,1.1539675738058003e-10,1.9306548987142982e-10,8.45034832104452e-13,-5.783875896892447e-14,1.0475440557715752e-11,1804425900.6212463
2022-07-21 03:00:00,2.1276556897068022e-11,1.180313944963223e-10,1.580882220365036e-10,8.372431059046854e-13,-4.8156669197915034e-14,8.841119354654048e-12,1629500370.274109
2022-07-21 04:00:00,2.0130743519173535e-11,1.187594143301058e-10,1.261347001707451e-10,8.254033531496643e-13,-4.189442048656458e-14,7.768166204321473e-12,1460717671.1488037
2022-07-21 05:00:00,1.9414589476393962e-11,1.184687669921232e-10,1.1020363629426768e-10,8.226400803236503e-13,-3.974130496883187e-14,6.770964496235557e-12,1319336121.0870209
2022-07-21 06:00:00,1.855611259688941e-11,1.1631092426991123e-10,9.86825714085074e-11,8.291359022386487e-13,-3.830932719657133e-14,5.3286357459387485e-12,1160065360.377884
2022-07-21 07:00:00,1.703338289945184e-11,1.11171186657789e-10,9.184312904866886e-11,8.419808729586e-13,-3.513137951552611e-14,3.013007507308689e-12,926560086.9785156
2022-07-21 08:00:00,1.4798624548973326e-11,1.0395705807273178e-10,8.83985334795056e-11,8.489959519853783e-13,-3.113495439447104e-14,2.289255321424798e-13,598193949.7489014
2022-07-21 09:00:00,1.1891616827097118e-11,9.721883659219274e-11,8.903370460737657e-11,8.569679764420111e-13,-2.6512284634814948e-14,-2.8760499741378638e-12,127461841.1980896
2022-07-21 10:00:00,8.699121892932718e-12,1.0627385310301093e-10,7.504652045607032e-11,8.576675345840903e-13,-2.0191743764544055e-14,-6.141308173113286e-12,-377618388.0031738
2022-07-21 11:00:00,5.742475214753236e-12,1.2937944712467816e-10,4.506225675145595e-11,8.435143041532124e-13,-1.4444259958453362e-14,-9.191660268293341e-12,-914236352.6148987
2022-07-21 12:00:00,3.1072616847774812e-12,1.3968804347022224e-10,2.6802211285098594e-11,8.18554348603329e-13,-1.146057429017156e-14,-1.180302064726243e-11,-1407848901.195221
2022-07-21 13:00:00,9.747742268191026e-13,1.422772685303786e-10,1.715782799942717e-11,7.821057371344449e-13,-9.549218626730952e-15,-1.4000573423847182e-11,-1685985438.6710968
2022-07-21 14:00:00,-5.094645812270208e-13,1.4193701988136523e-10,1.1468733128083526e-11,7.372088293358376e-13,-9.230879352512557e-15,-1.5601425771761235e-11,-1876919424.674286
2022-07-21 15:00:00,-9.72106425176378e-13,1.386533299474189e-10,8.595565748357285e-12,7.001011830864846e-13,-9.115456660949496e-15,-1.651759121241773e-11,-1885057047.2500305
2022-07-21 16:00:00,-7.930060716565318e-13,1.3476338150686595e-10,6.912410461732994e-12,6.722491794458725e-13,-9.56859855113977e-15,-1.6757522251275194e-11,-1807359720.209732
2022-07-21 17:00:00,-1.6365684391873488e-14,1.3071097234206113e-10,6.077969839274663e-12,6.462505018758739e-13,-1.1698634513413166e-14,-1.6305902714627846e-11,-1690919679.3692017
2022-07-21 18:00:00,1.490122935726321e-12,1.238217553472267e-10,5.5109705779975735e-12,6.215466122112162e-13,-1.3226711459928276e-14,-1.513849503339848e-11,-1480754339.1997833
2022-07-21 19:00:00,2.7602201595375458e-12,1.1792737665134224e-10,5.267413465177418e-12,6.03953371925801e-13,-1.4111791320197192e-14,-1.4222893998222706e-11,-1354452611.1225586
2022-07-21 20:00:00,3.918998404723681e-12,1.1099999307178782e-10,6.3452080745227805e-12,5.903488587695143e-13,-1.3977862472890736e-14,-1.3079896010154275e-11,-1263062415.7814178
2022-07-21 21:00:00,5.171664729868214e-12,9.912949759761448e-11,1.1692996247321166e-11,5.789894045669621e-13,-1.2538495319615202e-14,-1.1725466842952389e-11,-1114045169.163025
2022-07-21 22:00:00,6.009905592126647e-12,8.942321886007425e-11,1.6539380807973985e-11,5.719868978668217e-13,-1.1630917877146686e-14,-1.1100407665318144e-11,-983630107.7722626
2022-07-21 23:00:00,6.232698077895631e-12,8.205428840963875e-11,1.9549285028478633e-11,5.678860535520433e-13,-1.0780215127388362e-14,-1.086651466098713e-11,-867086460.5833435
2022-07-22 00:00:00,6.126188431452398e-12,7.562856128261372e-11,1.9844134702087844e-11,5.444334127608821e-13,-1.0028519059891283e-14,-1.0440688897158543e-11,-760222956.1141205
2022-07-22 01:00:00,6.24127844324266e-12,7.251972509959357e-11,1.896791163191014e-11,5.244044716352383e-13,-9.810752973479198e-15,-9.941278681546361e-12,-730539653.5385742
2022-07-22 02:00:00,7.1817077806410576e-12,6.893181193645989e-11,1.7148204885952865e-11,5.028135913638277e-13,-9.583133233677696e-15,-8.575736174270778e-12,-667287211.518219
2022-07-22 03:00:00,8.923366671536187e-12,6.542241282246526e-11,1.5316134159623485e-11,4.816654312342879e-13,-9.584182842743374e-15,-6.496172991370501e-12,-530787649.5969238
2022-07-22 04:00:00,1.0710283490370758e-11,6.260983410997966e-11,1.4130826681035794e-11,4.651867562757528e-13,-9.669134881225552e-15,-4.274043434027939e-12,-454603179.68315125
2022-07-22 05:00:00,1.2325296577246617e-11,5.950078731257907e-11,1.3265397339214052e-11,4.415442676876113e-13,-9.532247688425953e-15,-1.999423062335222e-12,-436998393.7724304
2022-07-22 06:00:00,1.3633727501585077e-11,5.639257580048113e-11,1.2775867764401073e-11,4.166796602442486e-13,-9.29388399102237e-15,-3.183913743246246e-13,-422240655.4998779
2022-07-22 07:00:00,1.4342801825457783e-11,5.39932127272253e-11,1.3077594385045238e-11,3.898239234445215e-13,-9.293696553756722e-15,8.190898127027168e-13,-393971467.627121
2022-07-22 08:00:00,1.4521821444666503e-11,5.1522032179619456e-11,1.3827581069878302e-11,3.614016038150545e-13,-9.243199833850897e-15,1.5346901147967456e-12,-344121544.6044769
2022-07-22 09:00:00,1.4385282090852496e-11,4.9024347810383067e-11,1.4765031763964415e-11,3.342697149621558e-13,-9.260056848292442e-15,1.9348347436374375e-12,-304017761.8681183
2022-07-22 10:00:00,1.4082777780618576e-11,4.982001336170568e-11,1.2980760588187247e-11,3.0874160961727423e-13,-9.4706978438923e-15,2.151549009018307e-12,-267037546.7514801
2022-07-22 11:00:00,1.3825410155835314e-11,5.7555316821611273e-11,3.909645135334916e-12,2.825295542912702e-13,-9.470506038906222e-15,2.569440983963195e-12,-263980453.50642395
2022-07-22 12:00:00,1.3663579692022415e-11,5.8172615606879185e-11,1.3133400945546662e-12,2.577234336053451e-13,-9.273118735129331e-15,3.1734111164668607e-12,-284486274.25858307
2022-07-22 13:00:00,1.3510007982912664e-11,5.708353690947629e-11,8.462128887245542e-13,2.375507272992886e-13,-8.963843837378214e-15,3.6032056325374417e-12,-292023851.8646774
2022-07-22 14:00:00,1.3431471579020744e-11,5.5617355034439577e-11,7.283801749406315e-13,2.2305710034595295e-13,-8.805364593642586e-15,3.9723314202600914e-12,-291468612.78144836
2022-07-22 15:00:00,1.3420862572823024e-11,5.4163001145472704e-11,7.870094880802286e-13,2.122283293572236e-13,-8.675824937892723e-15,4.229068878732679e-12,-279153787.5595932
2022-07-22 16:00:00,1.3509765899243321e-11,5.2843639498731886e-11,9.488634465740653e-13,2.0375424856042527e-13,-8.627341858493622e-15,4.3916445141686085e-12,-252945416.26882935
2022-07-22 17:00:00,1.3605041009328729e-11,5.167812006319967e-11,1.152323253834672e-12,1.9577484716722836e-13,-8.549735531473568e-15,4.5076145643063345e-12,-227849500.92565155
2022-07-22 18:00:00,1.3742437011986028e-11,5.0432675175708594e-11,1.3035859121789479e-12,1.8702441719837363e-13,-8.523769213490545e-15,4.677466673068801e-12,-201367887.6824417
2022-07-22 19:00:00,1.3822644734428862e-11,4.972829145748637e-11,1.3814521548993186e-12,1.7648472103446905e-13,-8.531572418593739e-15,4.818463040485826e-12,-165990356.18858337
2022-07-22 20:00:00,1.386094312959529e-11,4.8594080237974654e-11,1.8753680743215948e-12,1.6546679350607468e-13,-8.49773855429755e-15,5.0032104255087515e-12,-132065351.80125427
2022-07-22 21:00:00,1.3806929237554801e-11,4.570494201828672e-11,4.000058247809034e-12,1.5521276971172053e-13,-8.494472885771041e-15,5.199300770635556e-12,-83729176.1727829
2022-07-22 22:00:00,1.3776437604693592e-11,4.311913691154928e-11,6.1062724241294665e-12,1.4623372670756292e-13,-8.547072452546172e-15,5.370970317452203e-12,-62874629.6832962
2022-07-22 23:00:00,1.3747118647378413e-11,4.094187142150344e-11,7.63172902249169e-12,1.389228854976054e-13,-8.567355914713286e-15,5.477545986580993e-12,-50576407.52679443
2022-07-23 00:00:00,1.3749624572996922e-11,3.88422200734583e-11,8.519363540125965e-12,1.2588544935088797e-13,-8.585127303806331e-15,5.546110223549011e-12,-39801645.09825134
2022-07-23 01:00:00,1.4105448605035753e-11,3.768451758081253e-11,9.138164015083991e-12,1.1921627062307985e-13,-8.553463038717508e-15,5.8519647453698205e-12,-33355003.82260132
2022-07-23 02:00:00,1.4702181355515193e-11,3.672071224727153e-11,9.398673780857543e-12,1.1039392221580108e-13,-8.52705064807953e-15,6.45054775350834e-12,-38519295.802352905
2022-07-23 03:00:00,1.547441392346297e-11,3.5745664665117097e-11,9.613746148102214e-12,1.0174400837357864e-13,-8.517054012488727e-15,7.291565204310742e-12,-40093805.23799133
2022-07-23 04:00:00,1.6359818559568317e-11,3.4995554209878715e-11,1.0358675033796197e-11,9.675664699060563e-14,-8.663576263586371e-15,8.262988690352866e-12,-39757148.64504242
2022-07-23 05:00:00,1.718680180732412e-11,3.428654561593084e-11,1.1624527203883405e-11,9.093231663734378e-14,-8.876898595540707e-15,9.178209065765002e-12,-32902831.824188232
2022-07-23 06:00:00,1.7700138887467878e-11,3.3002182235339445e-11,1.4356216505422133e-11,8.323948927438891e-14,-9.138110154080058e-15,9.879178565353288e-12,-22166963.200416565
2022-07-23 07:00:00,1.812611817125256e-11,3.16879022672843e-11,1.9398047723719032e-11,8.025720805658518e-14,-9.546126704596977e-15,1.0400028444802546e-11,-13898004.409477234
2022-07-23 08:00:00,1.8374514536279304e-11,3.037203383835039e-11,2.6991744300492936e-11,7.89397305032608e-14,-9.987388158645539e-15,1.0688048866780904e-11,3727306.192001343
2022-07-23 09:00:00,1.8605493038546517e-11,2.932667637513857e-11,3.5951530243865905e-11,8.057694310402778e-14,-1.070862129024326e-14,1.0763470298129305e-11,3210376.7980499268
2022-07-23 10:00:00,1.8842290402889976e-11,3.280740039231376e-11,4.03276239913075e-11,8.649756940845444e-14,-1.1480420577768964e-14,1.0726860315423556e-11,-46965182.910598755
2022-07-23 11:00:00,1.908296933701732e-11,4.6374824186058986e-11,3.288315343992607e-11,9.380302663716854e-14,-1.2408944318669648e-14,1.0749723543717465e-11,-48667297.764190674
2022-07-23 12:00:00,1.9381770556065875e-11,5.4632071286075875e-11,3.154546692909956e-11,1.0209440904967795e-13,-1.316721153873135e-14,1.0920667092774771e-11,2757874.23046875
2022-07-23 13:00:00,1.967664293332018e-11,6.298526239022651e-11,1.9900651693661188e-11,1.2970765590896603e-13,-1.1761177323131716e-14,1.1096776084051624e-11,39606137.18244934
2022-07-23 14:00:00,1.9525808451389455e-11,6.647383703008445e-11,1.1184296739206027e-11,1.7896214100540918e-13,-1.1342815783660895e-14,1.0807470511484016e-11,-33427213.308120728
2022-07-23 15:00:00,1.9673062182835626e-11,6.980420532145027e-11,1.0269531930828986e-11,2.06159278380505e-13,-1.1228174885310176e-14,1.0732470780886327e-11,-28196215.28416443
2022-07-23 16:00:00,1.973334874003221e-11,7.394590013315439e-11,1.3836842187788698e-11,2.1545371172582436e-13,-1.0685673816295815e-14,1.0765817131775004e-11,95043607.47732544
2022-07-23 17:00:00,1.96422496094219e-11,7.665737783263597e-11,1.8530790926249514e-11,2.1510424176795973e-13,-1.0517300973481616e-14,1.0866009384468327e-11,196320818.2928009
2022-07-23 18:00:00,1.9298987254138154e-11,7.826748409644099e-11,2.116187603048573e-11,2.0895058296954044e-13,-1.0892266082295737e-14,1.075271158013088e-11,237819018.67106628
2022-07-23 19:00:00,1.880830836235504e-11,8.069441079938596e-11,2.0028168716327466e-11,1.9544390765500732e-13,-9.732067282052471e-15,1.0463798238499969e-11,274253195.22254944
2022-07-23 20:00:00,1.8209863943066457e-11,8.061388654412336e-11,1.9580417114475732e-11,1.9019663855737494e-13,-8.400083507387697e-15,1.0170159252841426e-11,272165486.1983948
2022-07-23 21:00:00,1.785640187693461e-11,7.525772196918305e-11,2.675978442284564e-11,1.8910481613711924e-13,-9.488823912832564e-15,9.881214020329578e-12,247056488.2252655
2022-07-23 22:00:00,1.7582903991284232e-11,7.065497507395252e-11,3.482564381867413e-11,1.9193045603550014e-13,-1.0647926380713252e-14,9.538201650362319e-12,169076445.824646
2022-07-23 23:00:00,1.772493363403517e-11,6.745865454608603e-11,3.915452412566819e-11,2.1303955886260394e-13,-1.2239719947595156e-14,9.242838590722099e-12,-723351251.9582825
2022-07-24 00:00:00,1.797627761061161e-11,6.675613312146433e-11,4.170218181753375e-11,2.4777818060851087e-13,-1.3948331772643652e-14,8.907229984090204e-12,-992374545.3955841
2022-07-24 01:00:00,1.8358278292410443e-11,6.7603500467598e-11,4.3101426785844796e-11,2.760140233324298e-13,-1.470673420240751e-14,8.637854261900114e-12,-396948339.8499298
2022-07-24 02:00:00,1.935421453885808e-11,6.963335715172585e-11,4.2612601930900626e-11,3.062607792733257e-13,-1.6544305435031318e-14,8.94283834687366e-12,-54119815.120010376
2022-07-24 03:00:00,2.1060438554065463e-11,7.205465526557433e-11,3.945533239910299e-11,3.353266571276191e-13,-1.6750310616622516e-14,9.989370984571907e-12,82331150.61860657
2022-07-24 04:00:00,2.3027060002932568e-11,7.410511992276924e-11,3.687254194372374e-11,3.62769982719876e-13,-1.620724104415753e-14,1.1305585786839184e-11,182463829.16023254
2022-07-24 05:00:00,2.5179407092734324e-11,7.526743047033491e-11,3.3826575433716446e-11,3.921180158432805e-13,-1.5926956808348906e-14,1.2741729159375844e-11,239493862.97262573
2022-07-24 06:00:00,2.703584456816761e-11,7.554817206935125e-11,3.2112217492295055e-11,3.982020077295012e-13,-1.5390356492618376e-14,1.4217978951145091e-11,257240191.85754395
2022-07-24 07:00:00,2.8306593896707128e-11,7.469298435615145e-11,3.190889248351765e-11,3.963325101938112e-13,-1.456321088428092e-14,1.526862188784918e-11,257904170.17185974
2022-07-24 08:00:00,2.9001705159268818e-11,7.299986529214812e-11,3.3231065736894164e-11,3.9694040057559285e-13,-1.4007299360516599e-14,1.570223234332235e-11,243223494.35421753
2022-07-24 09:00:00,2.9271418990924915e-11,7.086974319784795e-11,3.581636776681159e-11,3.9940530211225974e-13,-1.3674681002155966e-14,1.5707908899178204e-11,251574872.26078796
2022-07-24 10:00:00,2.9396564029606116e-11,7.649208355471901e-11,3.053592423377734e-11,4.038831365550975e-13,-1.2819309674385305e-14,1.5388131942157915e-11,220820340.54141235
2022-07-24 11:00:00,2.956327658327152e-11,9.367662412765925e-11,1.2369102237339432e-11,4.089217623235125e-13,-1.2303222780237503e-14,1.5100765802827666e-11,197727995.21681213
2022-07-24 12:00:00,3.016552920674543e-11,9.946640020835486e-11,6.33275432594801e-12,4.120543876915058e-13,-1.182622118126113e-14,1.479197942490882e-11,147574852.0159912
2022-07-24 13:00:00,3.146267359832729e-11,9.967097977782327e-11,3.543029391217582e-12,4.1966374389832644e-13,-1.148689276396356e-14,1.4147782826332413e-11,71643828.6016388
2022-07-24 14:00:00,3.23996409927659e-11,9.705830613119086e-11,2.329470315275019e-12,4.2291884152737005e-13,-1.0870524855436691e-14,1.3587630611295097e-11,53617010.9908905
2022-07-24 15:00:00,3.389950301890535e-11,9.160297129688351e-11,1.9632162753822997e-12,4.213855876565867e-13,-1.1212221768760686e-14,1.3675831394537728e-11,36532629.959854126
2022-07-24 16:00:00,3.6674140773451173e-11,8.623741934810391e-11,1.7947158817125667e-12,4.3224356545874207e-13,-1.1190719260849749e-14,1.3800564373948176e-11,24740956.636001587
2022-07-24 17:00:00,3.945087260025854e-11,8.06233201083351e-11,1.7951361409673084e-12,4.4071829798823697e-13,-1.1359570580912605e-14,1.3470814104187093e-11,24202216.271247864
2022-07-24 18:00:00,4.1529463926232975e-11,7.555496034628663e-11,1.7985562114239616e-12,4.404893506219109e-13,-1.160350400694697e-14,1.299247460607895e-11,56310089.346321106
2022-07-24 19:00:00,4.336232203871115e-11,7.093603332432076e-11,1.6219367713794353e-12,4.4145536628305254e-13,-1.200234529991704e-14,1.2471063852234682e-11,79389615.20925903
2022-07-24 20:00:00,4.464182833114238e-11,6.690105930883922e-11,1.888390916252564e-12,4.4036909144783494e-13,-1.1995145058298597e-14,1.1788627315745316e-11,94845244.95574951
2022-07-24 21:00:00,4.531280763301454e-11,6.193189653326258e-11,3.745853305127077e-12,4.378968026968299e-13,-1.1854249375340732e-14,1.0796869573202741e-11,108623278.21468353
2022-07-24 22:00:00,4.5632031189290116e-11,5.7001538937894556e-11,5.162392947381097e-12,4.357677764564819e-13,-1.1633808010844975e-14,9.541565877569346e-12,98804044.8675232
2022-07-24 23:00:00,4.564083797427674e-11,5.24507254963114e-11,5.8922351895134796e-12,4.4568378261494347e-13,-1.1855343663946812e-14,8.610647220501176e-12,34365977.88912201
2022-07-25 00:00:00,4.498045627778502e-11,4.909468651192917e-11,5.975768162778219e-12,4.577360033931814e-13,-1.211759716586231e-14,8.050882659325936e-12,-143605135.04657745
2022-07-25 01:00:00,4.464782459450322e-11,4.643476947811176e-11,5.679600770387883e-12,4.63670060972759e-13,-1.2122213100652898e-14,7.964685735679523e-12,-94588826.62062073
2022-07-25 02:00:00,4.4844066778062814e-11,4.373625822619527e-11,5.208887999746934e-12,4.639526937721263e-13,-1.203224933448512e-14,8.37380164962682e-12,64441418.59526062
2022-07-25 03:00:00,4.557318320827675e-11,4.134983149657635e-11,4.7859632589073415e-12,4.590154711528593e-13,-1.1884714097123033e-14,9.08200550888381e-12,102331706.10765076
2022-07-25 04:00:00,4.6221344530138526e-11,3.931639088791097e-11,4.501927773122407e-12,4.4918531808620124e-13,-1.1721273128873231e-14,9.92429502529152e-12,84381307.23777008
2022-07-25 05:00:00,4.678323608692241e-11,3.749206527945285e-11,4.392753681134451e-12,4.415879226539271e-13,-1.213876919216427e-14,1.070496074402176e-11,63421219.92789459
2022-07-25 06:00:00,4.676681769728896e-11,3.563327307944729e-11,4.4247216072729874e-12,4.2954356186949434e-13,-1.2395640965817835e-14,1.1133097635105877e-11,46278778.531555176
2022-07-25 07:00:00,4.652306617212916e-11,3.430368231270937e-11,4.6887446125202376e-12,4.2487094455159327e-13,-1.2414358141539347e-14,1.1402304958102281e-11,29979513.837165833
2022-07-25 08:00:00,4.595853071237061e-11,3.319880680577576e-11,5.1081315347553655e-12,4.2277283782850243e-13,-1.2428207447657515e-14,1.1344648588882574e-11,21863267.910087585
2022-07-25 09:00:00,4.541386940116634e-11,3.235395768804974e-11,5.6283943209578e-12,4.2198767466715166e-13,-1.2245323501502342e-14,1.1121684019833231e-11,18968691.14690399
2022-07-25 10:00:00,4.498516884030835e-11,3.3113953482089084e-11,4.755702321389447e-12,4.2237516588599043e-13,-1.2344122821164548e-14,1.0584840120647323e-11,13952826.076499939
2022-07-25 11:00:00,4.4541427585218146e-11,3.635801899350414e-11,1.2928831350365053e-12,4.2374103380456916e-13,-1.2461876921490885e-14,1.036467417398519e-11,15487779.439247131
2022-07-25 12:00:00,4.4071305386705443e-11,3.6799588765829466e-11,4.855898216856478e-13,4.2188359882443284e-13,-1.2475291549780625e-14,1.0297495594655296e-11,45896751.419029236
2022-07-25 13:00:00,4.365758754853202e-11,3.664777542196415e-11,3.525154392385529e-13,4.210725403307536e-13,-1.2530968255007631e-14,1.0642463157230654e-11,60946871.78919983
2022-07-25 14:00:00,4.3246297860461456e-11,3.635911661518177e-11,3.072729449262633e-13,4.205472216537041e-13,-1.2910521728579127e-14,1.0859849563071884e-11,59565466.769859314
2022-07-25 15:00:00,4.2739621082159204e-11,3.588402317542178e-11,2.8751759869093276e-13,4.1737018021600866e-13,-1.3222432054057328e-14,1.0994206906434329e-11,60815439.77429199
2022-07-25 16:00:00,4.236926532209799e-11,3.538633565206775e-11,2.726179809302928e-13,4.1614909849699373e-13,-1.3436341913995992e-14,1.1136598094639272e-11,68202867.21256256
2022-07-25 17:00:00,4.199372518219803e-11,3.493106979735782e-11,2.688291056157932e-13,4.1503801160358166e-13,-1.3712245752005114e-14,1.121657044276229e-11,75638438.78432465
2022-07-25 18:00:00,4.1651947423069924e-11,3.4369630114608006e-11,2.772251288582339e-13,4.1382823741654064e-13,-1.3873248813331942e-14,1.1298651099376683e-11,83441081.94973755
2022-07-25 19:00:00,4.126841795604766e-11,3.365916325980831e-11,2.982585516794089e-13,4.121271315319942e-13,-1.4086104372333096e-14,1.1362160271428726e-11,91204861.40872192
2022-07-25 20:00:00,4.0851623241517436e-11,3.30077349274845e-11,4.760641294023801e-13,4.121874729123951e-13,-1.4249148338660023e-14,1.140387394053102e-11,103917530.14967346
2022-07-25 21:00:00,4.0587368461293545e-11,3.163862759271851e-11,1.3787835961193934e-12,4.10027375506269e-13,-1.4456835823017034e-14,1.1413458169497458e-11,134372743.68476105
2022-07-25 22:00:00,4.0421854353253786e-11,2.994088388627882e-11,2.4027791244649635e-12,4.0106645758118786e-13,-1.464667276081869e-14,1.145722600321589e-11,183131721.21611023
2022-07-25 23:00:00,3.995492498999491e-11,2.8399291304732625e-11,3.3209219709185675e-12,3.920499787683987e-13,-1.4748789449243257e-14,1.143695253511835e-11,211666246.56105804
2022-07-26 00:00:00,3.893635908218902e-11,2.7009321410244162e-11,3.972914381247668e-12,3.799505713366345e-13,-1.4524794197027268e-14,1.1301374821521024e-11,237150266.7536316
2022-07-26 01:00:00,3.856779860197535e-11,2.598140919810172e-11,4.3961753192417596e-12,3.719830200150327e-13,-1.4461949185764114e-14,1.145273349198484e-11,262095462.02309418
2022-07-26 02:00:00,3.825346382580469e-11,2.4876388626844633e-11,4.666203434839704e-12,3.6018574297162554e-13,-1.4407152459571172e-14,1.1706238534442444e-11,282983014.46009827
2022-07-26 03:00:00,3.825558086232192e-11,2.3878313958244202e-11,4.968686291627675e-12,3.4963482210670554e-13,-1.445320364492657e-14,1.223067116002755e-11,308652449.4956436
2022-07-26 04:00:00,3.8539134353538216e-11,2.3137170453156053e-11,5.481020146874453e-12,3.439037477927545e-13,-1.453223094374831e-14,1.2810661190481878e-11,327860994.73773956
2022-07-26 05:00:00,3.878042807269481e-11,2.2484184558468607e-11,6.257191426547394e-12,3.3822539453798307e-13,-1.448829988816714e-14,1.3228350670487227e-11,341958403.64902496
2022-07-26 06:00:00,3.8889853728904673e-11,2.1795619906754408e-11,7.392484475710262e-12,3.34503640655057e-13,-1.4603653255480822e-14,1.353474740765041e-11,334879607.087265
2022-07-26 07:00:00,3.888328400709006e-11,2.117226216171605e-11,9.111850888243394e-12,3.3533774137541505e-13,-1.459262793973461e-14,1.3526586055124283e-11,324637706.7529297
2022-07-26 08:00:00,3.867451514532197e-11,2.0580658150413334e-11,1.1460801076608732e-11,3.370257808865551e-13,-1.4192569862222318e-14,1.3377974225137822e-11,309970441.4040985
2022-07-26 09:00:00,3.806133084657035e-11,2.0104374644919396e-11,1.3685517326706192e-11,3.3503690849940033e-13,-1.3768258419739836e-14,1.3285972418122779e-11,301160985.5350189
2022-07-26 10:00:00,3.76596795709844e-11,2.2088218095055425e-11,1.367612869032808e-11,3.3981296478733255e-13,-1.3802252948463774e-14,1.2928859053369093e-11,282875077.0636215
2022-07-26 11:00:00,3.720782430553302e-11,2.9598978912048204e-11,8.309596469060383e-12,3.44068505971173e-13,-1.4077358401775225e-14,1.2459124278208408e-11,261938378.7803192
2022-07-26 12:00:00,3.662813810216136e-11,3.4395575154241e-11,5.9178891282803384e-12,3.4604521511456947e-13,-1.4995767120789042e-14,1.1922314242034418e-11,247778139.9815216
2022-07-26 13:00:00,3.600804906948071e-11,3.742593783904054e-11,5.30191269252958e-12,3.454170214515994e-13,-1.5454920968977133e-14,1.1377326296327048e-11,235679725.25552368
2022-07-26 14:00:00,3.540027907640436e-11,3.960378145825328e-11,5.0639052553000835e-12,3.438592896669734e-13,-1.5156099936173684e-14,1.091155623766694e-11,218900993.57445526
2022-07-26 15:00:00,3.481835666723495e-11,4.077505215775151e-11,5.516398982629587e-12,3.405689156307193e-13,-1.4649230548649698e-14,1.0670321043683045e-11,228094984.87628174
2022-07-26 16:00:00,3.422262086012804e-11,4.1992119892404906e-11,5.7232418499044716e-12,3.357041727405253e-13,-1.5015450600837127e-14,1.0434754654756236e-11,247921613.3039627
2022-07-26 17:00:00,3.3634440922192796e-11,4.2697518057561115e-11,5.01553919491613e-12,3.3063653629480745e-13,-1.4711846842198735e-14,1.0202646394414363e-11,268905609.9677429
2022-07-26 18:00:00,3.315668734165767e-11,4.3191676556902236e-11,4.807997928653891e-12,3.235620438700729e-13,-1.425003086044729e-14,1.0074133757808463e-11,284565281.2292023
2022-07-26 19:00:00,3.288005898143797e-11,4.3247287277654466e-11,4.41438116448756e-12,3.1849013993317426e-13,-1.3791549618871455e-14,1.0061666009990462e-11,282945719.0597305
2022-07-26 20:00:00,3.2684891908379915e-11,4.269198555767342e-11,4.6808144270425224e-12,3.1481767666980617e-13,-1.327694111940346e-14,1.0116200501203096e-11,258901453.01169586
2022-07-26 21:00:00,3.159911780006351e-11,3.877921670469771e-11,7.694086673420853e-12,2.92838590905773e-13,-1.2662323394358216e-14,1.0222619662935667e-11,265423365.63479614
2022-07-26 22:00:00,3.1148272369845766e-11,3.5660889659948215e-11,1.09475379447122e-11,2.871376937534214e-13,-1.2206481850725979e-14,1.0272886231836682e-11,270462144.6371689
2022-07-26 23:00:00,3.038110671978306e-11,3.3672760841309725e-11,1.3362800776905291e-11,2.816794448819328e-13,-1.1776956866789805e-14,9.790157564844811e-12,264186873.4521942
2022-07-27 00:00:00,2.9225210771784404e-11,3.279474656479803e-11,1.4443461732198274e-11,2.741581056709845e-13,-1.0992007784634792e-14,9.20785274582868e-12,239258739.7607422
2022-07-27 01:00:00,2.792757161208429e-11,3.2745551653928965e-11,1.4760400744920054e-11,2.657152042704147e-13,-1.0396177671601375e-14,8.587123743604655e-12,482038504.7723465
2022-07-27 02:00:00,2.6873840375897004e-11,3.2568185495791486e-11,1.4110644525226597e-11,2.5737436848507525e-13,-1.0254608210536712e-14,8.291650498414254e-12,461932110.1545334
2022-07-27 03:00:00,2.605793370332761e-11,3.226634249904308e-11,1.457367889289221e-11,2.5130631364360785e-13,-9.747957434234119e-15,8.000626498940157e-12,259446433.5007248
2022-07-27 04:00:00,2.5806411670254953e-11,3.2102649819413175e-11,1.579318881223712e-11,2.493515331210965e-13,-8.881694300046256e-15,7.077680719687505e-12,17768174.234275818
2022-07-27 05:00:00,2.5765346129246965e-11,3.168916342374636e-11,1.7180185143325726e-11,2.480129703373121e-13,-7.868770639527241e-15,6.308444712474245e-12,139829306.70880127
2022-07-27 06:00:00,2.5830032851248178e-11,3.052376773684031e-11,1.8822548064686645e-11,2.481243334063147e-13,-6.838597090998847e-15,7.279383947046385e-12,-8048213.991958618
2022-07-27 07:00:00,2.6157678447734623e-11,2.9604236179422166e-11,2.1006500172241725e-11,2.512561749349804e-13,-6.3288168369081085e-15,8.781564647996896e-12,-151577817.20755768
2022-07-27 08:00:00,2.6502273214900152e-11,2.8249158448128895e-11,2.402654735012628e-11,2.541644044176412e-13,-6.074608225830578e-15,8.779080616527883e-12,-265153370.15385437
2022-07-27 09:00:00,2.675857654602598e-11,2.6591250236375952e-11,2.840465253034772e-11,2.544565658629086e-13,-5.775352154134364e-15,8.310056335371928e-12,-404777562.7896576
2022-07-27 10:00:00,2.7004709309659154e-11,2.915407961742548e-11,2.993063426165873e-11,2.5147019509814834e-13,-4.428046414341982e-15,8.13038962900043e-12,-456475426.6307068
2022-07-27 11:00:00,2.7028350548055494e-11,4.095110157372072e-11,2.220816294108039e-11,2.466037296640279e-13,-3.446063946734145e-15,8.330016571179504e-12,-495275335.20921326
2022-07-27 12:00:00,2.67628935684471e-11,4.9016751409978055e-11,1.612939888215186e-11,2.399548905123034e-13,-3.6669519579482026e-15,8.990132063266946e-12,-496157528.0324478
2022-07-27 13:00:00,2.624097032860689e-11,5.4007039762083365e-11,1.3604991987050849e-11,2.384745266160925e-13,-5.404290288532886e-15,9.210789758206128e-12,-407868907.0276489
2022-07-27 14:00:00,2.551644671364848e-11,5.712988536450664e-11,1.1841143652333626e-11,2.487437393356056e-13,-7.149245878878748e-15,9.223641806484783e-12,-351182640.8155441
2022-07-27 15:00:00,2.4472440742227645e-11,5.720196049072843e-11,1.1778193237118606e-11,2.6467327999961997e-13,-9.056197791350006e-15,9.188874604188183e-12,-332049306.50305176
2022-07-27 16:00:00,2.3477470984622557e-11,5.7656733144427524e-11,1.239727600114164e-11,2.8754276626792016e-13,-1.0549851798239866e-14,9.11374269953546e-12,-318455928.8314438
2022-07-27 17:00:00,2.238046394875103e-11,5.726287331055717e-11,1.3592013654487346e-11,3.1679623717962046e-13,-1.1208597798886839e-14,8.851798617974013e-12,-297938504.09762573
2022-07-27 18:00:00,2.1433500746405057e-11,5.6501313634376225e-11,1.5112976255014108e-11,3.5733822210739136e-13,-1.2334548137952232e-14,8.641420147843543e-12,-244215657.0845642
2022-07-27 19:00:00,2.0539200050789476e-11,5.606689079469123e-11,1.7090703664584816e-11,4.1440499045532284e-13,-1.2288425041443486e-14,8.510849843291943e-12,-161823533.92324066
2022-07-27 20:00:00,1.9651525500719204e-11,5.453724671488534e-11,1.9911894934007483e-11,4.785625299231053e-13,-1.1287495733071423e-14,8.35393822383121e-12,-93155565.5568695
2022-07-27 21:00:00,1.8452456685074183e-11,4.8684534325788574e-11,2.714093754461378e-11,5.583393688950075e-13,-1.0001196237048001e-14,7.789603877096041e-12,-6232296296.711678
2022-07-27 22:00:00,1.6096420335075514e-11,4.5980350157203595e-11,3.466899435283415e-11,6.162805372949487e-13,-9.736195351714835e-15,5.8558419654866484e-12,-27594424605.607407
2022-07-27 23:00:00,1.1198879753068697e-11,4.758633720347034e-11,4.0102033592405384e-11,6.282969988472991e-13,-9.385742684044081e-15,1.3949484979707626e-12,-28031603847.13849
2022-07-28 00:00:00,3.491388765968684e-12,5.2543815389990474e-11,4.270305118767155e-11,6.653889840240211e-13,-5.468000746817706e-15,-5.6611729181073954e-12,-21271134053.286987
2022-07-28 01:00:00,-5.840440559795667e-12,6.11874894501545e-11,4.447557659744173e-11,7.213724236894825e-13,3.976542594261444e-16,-1.4347333633232698e-11,-17508782393.493988
2022-07-28 02:00:00,-1.4987941993771723e-11,7.099588442350354e-11,4.4981954754069795e-11,7.85267138149592e-13,3.997098159455611e-15,-2.303410711597294e-11,-16456317492.603455
2022-07-28 03:00:00,-2.2336823262636028e-11,7.959121379994153e-11,4.53617682069424e-11,8.564072433962452e-13,1.0403444224153624e-14,-2.991036963160896e-11,-15515772900.4776
2022-07-28 04:00:00,-2.7580026105498692e-11,8.579536585513992e-11,4.6098161532637487e-11,9.295215652836259e-13,1.5308897854791126e-14,-3.5070087272992886e-11,-14906704044.024078
2022-07-28 05:00:00,-3.054719876408887e-11,8.963718399448637e-11,4.729633848845031e-11,9.863304735578754e-13,1.4353989472266883e-14,-3.772265130414729e-11,-15514284321.21405
2022-07-28 06:00:00,-3.115372367780482e-11,9.044097811970925e-11,4.919448296630411e-11,1.0212035469379924e-12,1.7811074280689835e-14,-3.856230506440423e-11,-16914836311.666992
2022-07-28 07:00:00,-3.04219069977973e-11,8.829267166896946e-11,5.237146135335947e-11,1.0459011266173518e-12,1.1795305403060683e-14,-3.859486525488591e-11,-17745900408.7753
2022-07-28 08:00:00,-2.916842445737337e-11,8.432490802373992e-11,5.661583902078262e-11,1.0563084586780753e-12,1.446174900836607e-14,-3.822142355617908e-11,-18220118752.93271
2022-07-28 09:00:00,-2.6420356079134996e-11,7.791103917913147e-11,6.113224696002002e-11,1.0375044070859951e-12,2.2204866466130327e-14,-3.53954049017858e-11,-17755908346.13153
2022-07-28 10:00:00,-2.2715642865221206e-11,7.443540709563076e-11,6.220643779607061e-11,1.0123383723442995e-12,5.600169764889414e-15,-3.194051592019497e-11,-16720268029.088074
2022-07-28 11:00:00,-1.831608584041584e-11,7.650673267421421e-11,5.633518895713509e-11,9.987195159051327e-13,-1.2146167938311367e-15,-2.8982129109755876e-11,-14722887682.37622
2022-07-28 12:00:00,-1.3378087964367532e-11,7.61785554523428e-11,5.104810816177989e-11,9.69162753382187e-13,-2.4050961231242905e-14,-2.411086467313716e-11,-12237028544.119812
2022-07-28 13:00:00,-8.316178337346569e-12,7.51217448494656e-11,4.653535498709886e-11,9.65194527174931e-13,-3.981395065111864e-14,-1.9608842434927677e-11,-9776971289.788727
2022-07-28 14:00:00,-3.1193523488070446e-12,7.299619616045475e-11,4.2962371271181404e-11,9.722674420868441e-13,-4.8730877656148876e-14,-1.4855689077388563e-11,-7727155475.848267
2022-07-28 15:00:00,1.3601126446007541e-12,7.096235213115315e-11,4.0672847207214794e-11,9.854045156190097e-13,-5.4646323812538886e-14,-1.0559514894279388e-11,-6143348773.053284
2022-07-28 16:00:00,5.556773959617757e-12,6.969946453578321e-11,3.8916172264979096e-11,1.0122834820900839e-12,-6.477663637456517e-14,-6.768925653033179e-12,-4618723208.447235
2022-07-28 17:00:00,9.51912103512435e-12,6.801532627774227e-11,3.784040356617335e-11,1.0441771479233692e-12,-7.406570870042528e-14,-3.3222246889549443e-12,-3110172222.1308746
2022-07-28 18:00:00,1.2877995631716358e-11,6.730459948808106e-11,3.753661748514817e-11,1.103723155498609e-12,-8.676410205626707e-14,-7.028308326586939e-13,-1675260796.8587341
2022-07-28 19:00:00,1.5865440245508366e-11,6.622990607301288e-11,3.80752419122951e-11,1.1548413872407588e-12,-8.813111478913004e-14,1.3650336967339581e-12,-224822630.3848877
2022-07-28 20:00:00,1.849237499275068e-11,6.22510065787262e-11,4.089568273446847e-11,1.2182478717829144e-12,-8.577987906864051e-14,3.058595708707033e-12,1145084699.7924194
2022-07-28 21:00:00,1.9982071765137444e-11,5.438727785617092e-11,5.1523389397971564e-11,1.305491107244236e-12,-8.804473721921985e-14,4.195074537475268e-12,-6672399015.048309
2022-07-28 22:00:00,1.8779906974761624e-11,4.965652876511433e-11,6.331854717985244e-11,1.398243156260683e-12,-9.724158649947113e-14,3.0946056109169053e-12,-62936159982.444
2022-07-28 23:00:00,1.3386048323013239e-11,5.232782807957511e-11,7.040725266840441e-11,1.4560035646433319e-12,-9.16734331779168e-14,-1.6696910203121584e-12,-91954804634.46173
2022-07-29 00:00:00,5.8365740298332534e-12,6.05215687299478e-11,7.28362955403176e-11,1.5149873097914595e-12,-8.281240541120504e-14,-8.569687448258747e-12,-86289229102.3935
2022-07-29 01:00:00,-1.6972496477577574e-12,7.140976975350666e-11,7.197235749204532e-11,1.5583452946256818e-12,-7.356553619671223e-14,-1.5654820214590952e-11,-67884777690.00946
2022-07-29 02:00:00,-7.462088669810234e-12,8.206296316894379e-11,6.865109389137609e-11,1.5958526100261655e-12,-7.528136822242017e-14,-2.1218581871106753e-11,-58564359565.95392
2022-07-29 03:00:00,-1.1244658620924308e-11,9.159790264637735e-11,6.595400405435487e-11,1.6190071404890324e-12,-8.807404618501834e-14,-2.5301927992160403e-11,-51551533371.668274
2022-07-29 04:00:00,-1.2926780939068684e-11,9.835184228550634e-11,6.538787783968902e-11,1.6633673204853194e-12,-1.0735628459103635e-13,-2.738696820371559e-11,-47117664027.547485
2022-07-29 05:00:00,-1.264603123250909e-11,1.0146270837040979e-10,6.710418217401505e-11,1.7206139304444314e-12,-1.1190896166906787e-13,-2.736283728954312e-11,-45056991352.19824
2022-07-29 06:00:00,-1.1058931503483431e-11,1.0154253312025715e-10,6.990569797140833e-11,1.7770613543475685e-12,-1.144418303276065e-13,-2.5591913422974694e-11,-43613880583.76758
2022-07-29 07:00:00,-8.573185029783749e-12,9.836822186678108e-11,7.677632266615286e-11,1.864928731870158e-12,-1.2112476199546962e-13,-2.2700676292788577e-11,-39960879018.13904
2022-07-29 08:00:00,-4.821250662908411e-12,9.119462364205853e-11,8.697454109245434e-11,1.9675500843000313e-12,-1.314628256658973e-13,-1.831936775237267e-11,-34741696913.37616
2022-07-29 09:00:00,-1.8390213451971397e-13,8.111697152549845e-11,9.703290909545337e-11,2.0556765546617193e-12,-1.3902613543283956e-13,-1.3578286935325171e-11,-28837293817.575195
2022-07-29 10:00:00,5.0051770078836696e-12,7.64113664647848e-11,1.0152793836151365e-10,2.1209236155249554e-12,-1.4115125240719532e-13,-8.250919981224175e-12,-23275733739.94754
2022-07-29 11:00:00,1.0068263308147044e-11,8.088995376693264e-11,9.632392224896894e-11,2.1695053590999087e-12,-1.43114580947698e-13,-3.2367293665018337e-12,-18733374950.580444
2022-07-29 12:00:00,1.4702695293611038e-11,8.395077657320482e-11,9.334781298922726e-11,2.1181638618070385e-12,-1.5338070874779434e-13,1.2566082411877566e-12,-13926462326.851532
2022-07-29 13:00:00,1.8511268651586406e-11,8.587107664164225e-11,9.314781970040815e-11,2.0185812283080625e-12,-1.646480328606519e-13,4.7188728298019665e-12,-9392747020.371826
2022-07-29 14:00:00,2.120249509892748e-11,8.65525752350209e-11,9.228602241001614e-11,1.917663445077172e-12,-1.6466694939930875e-13,7.2459289083731484e-12,-5913153411.148453
2022-07-29 15:00:00,2.298037459379396e-11,8.619785987729412e-11,9.324326736558479e-11,1.77202668682677e-12,-1.6169001411212362e-13,9.152633504463021e-12,-3202871744.452133
2022-07-29 16:00:00,2.4167001503125576e-11,8.48292037757674e-11,9.663357690080672e-11,1.6036512100908286e-12,-1.6003895030273598e-13,1.056952671062088e-11,-1197652811.9319
2022-07-29 17:00:00,2.465920871091255e-11,8.284534170566855e-11,1.0113300220614003e-10,1.4868576590387446e-12,-1.6019557202420799e-13,1.132157980132913e-11,90273211.318573
2022-07-29 18:00:00,2.4651119161438662e-11,7.932842164817223e-11,1.0802283974707826e-10,1.416413434748855e-12,-1.6512212456065605e-13,1.1582780733527588e-11,1115016320.642273
2022-07-29 19:00:00,2.4249656063248946e-11,7.528691309535157e-11,1.1603404480141188e-10,1.4094998014473685e-12,-1.7428280793371053e-13,1.1525515473981952e-11,2087948192.8240585
2022-07-29 20:00:00,2.3536517538769567e-11,7.096064000706587e-11,1.2478217730541027e-10,1.4940846255841247e-12,-1.8033930006681262e-13,1.1168061711656388e-11,3076485009.2440987
2022-07-29 21:00:00,2.2255699379612352e-11,6.076685810548949e-11,1.4361655723184884e-10,1.5812412790415982e-12,-1.8660718477078516e-13,1.0395235978787306e-11,3649796568.662979
2022-07-29 22:00:00,1.976866896835923e-11,5.614437267349158e-11,1.5960074837674772e-10,1.6800120918074827e-12,-1.7858940451683226e-13,8.319059679609119e-12,-7151008553.24337
2022-07-29 23:00:00,1.4965848295121042e-11,6.073208870512057e-11,1.6625721022228838e-10,1.713242660609042e-12,-1.5126589453792414e-13,3.6463009195147566e-12,-54072103499.334656
2022-07-30 00:00:00,8.235932743589507e-12,7.47678839136599e-11,1.6331539570994427e-10,1.7036307429760985e-12,-8.601891824855654e-14,-2.883557999626114e-12,-69091025903.21507
2022-07-30 01:00:00,8.7771524894725e-13,9.366853329576344e-11,1.5424568698998127e-10,1.6865757943127385e-12,-1.7779701843783747e-14,-1.0050101762949709e-11,-57080334052.86107
2022-07-30 02:00:00,-5.472827309030585e-12,1.1189776742590853e-10,1.4164152310462144e-10,1.6999525947698102e-12,1.3136450698077079e-14,-1.6391606440546407e-11,-46523015750.6255
2022-07-30 03:00:00,-8.656583449517343e-12,1.2361603014485838e-10,1.3077799900511384e-10,1.695850290870162e-12,3.8217334720113634e-14,-2.002104184567253e-11,-40513148920.07318
2022-07-30 04:00:00,-9.197417654655067e-12,1.295365306711939e-10,1.2317488513171062e-10,1.6831411582921584e-12,3.9626907879485157e-14,-2.1107382572001177e-11,-34825572504.26723
2022-07-30 05:00:00,-8.045473538885633e-12,1.2981203956301132e-10,1.2008999860457494e-10,1.6879976583595167e-12,4.9703189728509694e-14,-2.053622223496129e-11,-30758597287.835175
2022-07-30 06:00:00,-6.45658210370291e-12,1.2617451049371507e-10,1.2046930933893556e-10,1.682353792959555e-12,4.4744772715039977e-14,-1.93198449789079e-11,-28580364266.936188
2022-07-30 07:00:00,-4.419355820370995e-12,1.1818668455640878e-10,1.2858113746669875e-10,1.7164382078581791e-12,2.5466093446340562e-14,-1.7216555353804795e-11,-26804302520.455902
2022-07-30 08:00:00,-1.7749880756335125e-12,1.0785521944462751e-10,1.3916778566749508e-10,1.788273635773889e-12,9.547309701499514e-15,-1.4366938856726885e-11,-24695202450.482727
2022-07-30 09:00:00,1.4539477771241552e-12,9.714335307667479e-11,1.482383760163265e-10,1.9248092907212507e-12,5.479946935132721e-16,-1.1232834782196531e-11,-22548984918.56772
2022-07-30 10:00:00,4.555553774343049e-12,9.163184728758398e-11,1.5135132444774936e-10,2.068146721893846e-12,-7.995032107165229e-15,-7.939547709817814e-12,-19930912307.737976
2022-07-30 11:00:00,7.941904965812349e-12,8.982800621984428e-11,1.49745821316255e-10,2.189745852812464e-12,-3.5689327646053275e-14,-4.795423959331633e-12,-17136814577.953323
2022-07-30 12:00:00,1.1107107897656392e-11,8.755435316646922e-11,1.4938433659318226e-10,2.25307590560386e-12,-5.372375461440932e-14,-1.9928621516421188e-12,-13898479185.242172
2022-07-30 13:00:00,1.3877202511427609e-11,8.329621620662377e-11,1.5216376739674716e-10,2.2464805328034864e-12,-6.597632003709322e-14,4.413723369034298e-13,-10330276000.772858
2022-07-30 14:00:00,1.6449218723855627e-11,7.838500277122549e-11,1.5638485654577611e-10,2.1783057917042673e-12,-8.312505093491507e-14,2.54928909039633e-12,-6834607918.885391
2022-07-30 15:00:00,1.8717883927753587e-11,7.478221553822044e-11,1.6047011427568753e-10,2.029498754330544e-12,-9.845004580342223e-14,4.265593794674997e-12,-3922419834.7742157
2022-07-30 16:00:00,2.0495001458287744e-11,7.259639745729429e-11,1.640557461403706e-10,1.8526313347262327e-12,-1.1098230241436099e-13,5.537404884919359e-12,-1672569471.056755
2022-07-30 17:00:00,2.2085804521193404e-11,6.985690601240514e-11,1.6818584898600541e-10,1.671863873269358e-12,-1.2084669331371448e-13,6.5113339206365824e-12,-207258508.04431152
2022-07-30 18:00:00,2.3409721414729063e-11,6.766042715497877e-11,1.722242274057166e-10,1.4774207191860165e-12,-1.2475985307111631e-13,7.1630952075404566e-12,813221203.9949036
2022-07-30 19:00:00,2.4585329451402103e-11,6.614065351418506e-11,1.762802678066038e-10,1.2861812757327023e-12,-1.281478482661446e-13,7.609765422472223e-12,1601832079.2581463
2022-07-30 20:00:00,2.5339145532086802e-11,6.421890238190584e-11,1.812422485967068e-10,1.1345538556930145e-12,-1.2416277962683328e-13,7.878698998611475e-12,2061910286.023964
2022-07-30 21:00:00,2.5538256057454516e-11,5.962113989634657e-11,1.8720737611853436e-10,9.990805914604565e-13,-1.194844679717783e-13,7.893496229298162e-12,2188135961.0955048
2022-07-30 22:00:00,2.457374192669784e-11,5.551321825973206e-11,1.9221934738866237e-10,9.276224564924993e-13,-1.1095773063128048e-13,7.104867166627093e-12,974021859.221489
2022-07-30 23:00:00,2.1834348047101183e-11,5.6489868687221684e-11,1.9164461325994302e-10,9.071392671259661e-13,-8.43679075540904e-14,4.8478687000603604e-12,-14930472889.530037
2022-07-31 00:00:00,1.6972568896457483e-11,6.316466661961004e-11,1.853447832371821e-10,8.890638430397405e-13,-3.672518688711009e-14,5.149883960494798e-13,-37737346210.90074
2022-07-31 01:00:00,1.15132779528616e-11,7.333555706501951e-11,1.7559189097342155e-10,8.805179564112972e-13,2.2591489444493874e-14,-4.360274935019711e-12,-38088183480.6096
2022-07-31 02:00:00,7.148006854073309e-12,8.415369251343354e-11,1.6637524071972643e-10,8.974003566389338e-13,8.88811681268022e-14,-8.051128892819881e-12,-36733607177.38672
2022-07-31 03:00:00,4.0687831518687e-12,9.439627913912427e-11,1.5892690661903808e-10,9.366430805987854e-13,1.166327934719327e-13,-1.0595275640378131e-11,-37647073737.41617
2022-07-31 04:00:00,2.509186308796431e-12,1.0223153768868749e-10,1.5569757899151646e-10,9.654689370624252e-13,1.1554431482034804e-13,-1.1951725291133767e-11,-38538424540.947464
2022-07-31 05:00:00,2.9673137620375385e-12,1.0567266104527037e-10,1.5542763652593136e-10,9.70450026445741e-13,1.1639733318199469e-13,-1.1494472183216189e-11,-37722432915.288284
2022-07-31 06:00:00,5.824489247414153e-12,1.0354407732265264e-10,1.5688398420952173e-10,9.823242234062405e-13,1.2820466840008954e-13,-8.760381641772354e-12,-34858394229.539505
2022-07-31 07:00:00,1.0303308333762468e-11,9.651807695402819e-11,1.6135349224385097e-10,1.0187234502239106e-12,1.311359615501768e-13,-4.899652127608568e-12,-30227690243.612595
2022-07-31 08:00:00,1.5494257862960114e-11,8.671834101432292e-11,1.687844714649374e-10,1.0533772801644167e-12,1.220801752112848e-13,-8.061893132611033e-13,-24642548611.853622
2022-07-31 09:00:00,2.1503028343766278e-11,7.69687343004231e-11,1.7367292047903873e-10,1.1030537727866117e-12,1.032243478593084e-13,4.101750842021958e-12,-19193488154.86978
2022-07-31 10:00:00,2.7666175863689485e-11,7.211391126874133e-11,1.7238406179617632e-10,1.1538806819669512e-12,6.509969737852693e-14,9.092733018679934e-12,-14012074606.34082
2022-07-31 11:00:00,3.269093512459242e-11,7.137547882849051e-11,1.6880596310598033e-10,1.1711815542739715e-12,1.717793387738205e-14,1.3157066805900082e-11,-9294979358.44587
2022-07-31 12:00:00,3.695954051877176e-11,7.072059345115073e-11,1.6475065343365394e-10,1.1335476396489716e-12,-4.16388453098358e-14,1.6377558661252626e-11,-4866542134.79644
2022-07-31 13:00:00,3.99418575844381e-11,7.122076846117616e-11,1.5987439169837918e-10,1.0647260821711674e-12,-8.701947800530455e-14,1.850881562785029e-11,-1526041902.2314987
2022-07-31 14:00:00,4.180302288551013e-11,7.197843533243918e-11,1.536417074663286e-10,1.005980022778323e-12,-1.1307611740112908e-13,1.984806852283823e-11,-48472445.448158264
2022-07-31 15:00:00,4.303911975583396e-11,7.304538989093821e-11,1.480561396156813e-10,9.58215694293986e-13,-1.216879031741542e-13,2.093457539122188e-11,308500592.316185
2022-07-31 16:00:00,4.3840570520200736e-11,7.419151926618469e-11,1.4239385808652578e-10,9.278209222726152e-13,-1.1945101268002774e-13,2.1721796776310717e-11,344048267.3290024
2022-07-31 17:00:00,4.4129083610559744e-11,7.435145265571278e-11,1.3836074945858708e-10,9.22471417591525e-13,-1.160847251808516e-13,2.220973440904188e-11,407929110.85785675
2022-07-31 18:00:00,4.4473067144693375e-11,7.363814423967644e-11,1.3435946006415568e-10,9.16400005146265e-13,-1.1220360349094041e-13,2.2509234278403525e-11,551127993.7091751
2022-07-31 19:00:00,4.5122528568449484e-11,7.2863890609904e-11,1.3132876794003038e-10,9.05812960087213e-13,-1.0911072488140595e-13,2.2910847054926505e-11,699803779.4976425
2022-07-31 20:00:00,4.566662185852341e-11,7.117818302913914e-11,1.2883173526117663e-10,8.865204837515572e-13,-1.0286951089244079e-13,2.3313665918264556e-11,851522232.6856308
2022-07-31 21:00:00,4.6201521547684554e-11,6.61972871951521e-11,1.2974488785271035e-10,8.689921084657912e-13,-9.615055819723796e-14,2.3596286343224006e-11,797983064.5562057
2022-07-31 22:00:00,4.5991957785906394e-11,6.327008659391541e-11,1.2923389521132692e-10,8.705597442475882e-13,-9.046155271864509e-14,2.2840703340129476e-11,-3655356007.384796
2022-07-31 23:00:00,4.353336529114188e-11,6.514536301546204e-11,1.2699003106401408e-10,8.927515466862344e-13,-7.029245188020607e-14,2.0327716021760145e-11,-13531583808.431343
2022-08-01 00:00:00,3.9985933456161965e-11,7.245387304353431e-11,1.1920602659061842e-10,9.316635188647126e-13,-4.786218584482271e-14,1.6693099558561084e-11,-11851137162.668396
2022-08-01 01:00:00,3.699481508610184e-11,8.182452352172105e-11,1.0378319139017647e-10,9.755375980515982e-13,-2.363206894456693e-14,1.3729501087810964e-11,-10812102704.020813
2022-08-01 02:00:00,3.524495032132777e-11,8.893524875860667e-11,8.714533122922731e-11,1.0125108933885629e-12,-3.360412038593902e-15,1.1829300949665261e-11,-11382849292.479233
2022-08-01 03:00:00,3.569576646586056e-11,9.222421679078769e-11,7.204424276709683e-11,1.044943984161357e-12,3.722874292183359e-15,1.1929506373294348e-11,-11175466990.168564
2022-08-01 04:00:00,3.796106960305965e-11,9.091525766047723e-11,6.076398968012492e-11,1.0731110538984783e-12,-2.789272859665537e-15,1.3785268062950351e-11,-9924614851.75708
2022-08-01 05:00:00,4.08123624821446e-11,8.675210290603747e-11,5.550291634040562e-11,1.094197621780034e-12,-7.879886239865965e-15,1.6134873941586556e-11,-8355892152.571732
2022-08-01 06:00:00,4.3873570624739175e-11,8.181115992954018e-11,5.5586594201833295e-11,1.1143482341819045e-12,-9.71660337996958e-15,1.8863776272458025e-11,-6308257351.43335
2022-08-01 07:00:00,4.6592105704034627e-11,7.615667423419386e-11,5.997634836043067e-11,1.1401720715395525e-12,-1.8189301221153194e-14,2.1353987657542817e-11,-4484034750.259262
2022-08-01 08:00:00,4.8516189774495406e-11,6.953451253133201e-11,6.808936980760348e-11,1.1702025524015556e-12,-1.6133834336682055e-14,2.317505654200943e-11,-3115283064.027054
2022-08-01 09:00:00,4.9552969798579655e-11,6.352960065719703e-11,7.833887834790196e-11,1.2076462749707238e-12,-7.164565685892137e-15,2.4320144192116683e-11,-2358841376.0230713
2022-08-01 10:00:00,4.964557767620459e-11,6.378750107617611e-11,8.384296991575639e-11,1.2339817723280125e-12,-1.0416007640579656e-14,2.4468715125572927e-11,-1931482901.4873962
2022-08-01 11:00:00,4.897798388093386e-11,7.097969112033959e-11,8.272602428794588e-11,1.2374395598150228e-12,-2.201871388559256e-14,2.383318248219801e-11,-1618940324.3086624
2022-08-01 12:00:00,4.753598958710499e-11,7.584693293009032e-11,8.351771586634952e-11,1.211330352132061e-12,-2.759767507127554e-14,2.2863738730385293e-11,-1263385856.0335007
2022-08-01 13:00:00,4.565488096667404e-11,7.942639306374635e-11,8.629564180365822e-11,1.1748036831157637e-12,-2.794424031059978e-14,2.1873174191475802e-11,-899346208.9769745
2022-08-01 14:00:00,4.3733718505902733e-11,8.200220296357773e-11,8.94537142874208e-11,1.1434209811879582e-12,-2.3453991196116966e-14,2.0993372200914343e-11,-330277221.6971359
2022-08-01 15:00:00,4.1705787667884944e-11,8.315035573151572e-11,9.297066334963e-11,1.0983639129736175e-12,-1.9875108002622764e-14,2.01853821446965e-11,203008129.5871277
2022-08-01 16:00:00,3.960269576911347e-11,8.363690496336314e-11,9.548182045444041e-11,1.0478367332001878e-12,-2.4860485713325658e-14,1.9318407712237232e-11,721826989.1302032
2022-08-01 17:00:00,3.747016473825189e-11,8.329362476445189e-11,9.693047256580246e-11,1.0053852003127309e-12,-3.667207572018964e-14,1.842394981286979e-11,1262162093.5568085
2022-08-01 18:00:00,3.549239144137449e-11,8.333915607157061e-11,9.704734785604193e-11,9.515105574382223e-13,-3.999318789999225e-14,1.7615560569886893e-11,1761533924.2279053
2022-08-01 19:00:00,3.3680055538457245e-11,8.335499190948267e-11,9.640267634006476e-11,8.8186003732744e-13,-4.309982289534474e-14,1.6744160815194852e-11,2187732756.074486
2022-08-01 20:00:00,3.1949161849228754e-11,8.130308654176231e-11,9.65439646360826e-11,8.244003076071186e-13,-4.75448397539581e-14,1.5706423994804343e-11,2460661116.575119
2022-08-01 21:00:00,3.01619407491778e-11,7.204233068500288e-11,1.0482284613286615e-10,7.645958172652702e-13,-5.191673820649078e-14,1.440473926367085e-11,1666557108.101303
2022-08-01 22:00:00,2.7492213251804562e-11,6.459935907990819e-11,1.1405969485795018e-10,6.916396038780863e-13,-5.1719396714457754e-14,1.2194459891646967e-11,-7994385681.997948
2022-08-01 23:00:00,2.3139876286206162e-11,6.481588477721385e-11,1.1455223519153074e-10,6.262268854331685e-13,-4.5739857173061956e-14,8.202830722209971e-12,-10139785469.384308
2022-08-02 00:00:00,1.787022755133849e-11,7.056740278400042e-11,1.0961738602135713e-10,5.738980155704398e-13,-4.0387399712882405e-14,3.15365790183548e-12,-12447620463.268806
2022-08-02 01:00:00,1.3200576185849092e-11,7.921112488422855e-11,9.96271004082621e-11,5.504223086321694e-13,-2.5089912380785217e-14,-1.25123869805229e-12,-11129986131.919678
2022-08-02 02:00:00,1.0300723066721154e-11,8.702163341722735e-11,8.85210064649895e-11,5.388133635697341e-13,-8.474849565431533e-15,-3.931105792694152e-12,-11508506380.695518
2022-08-02 03:00:00,9.207588514508658e-12,9.277404390931863e-11,7.91309242195129e-11,5.325476690914203e-13,-1.659038968445016e-14,-5.180317628770199e-12,-11717531688.660362
2022-08-02 04:00:00,9.298765064458968e-12,9.603904021738945e-11,7.309279526571309e-11,5.28673689967349e-13,-1.6632593656912478e-14,-5.493905962198458e-12,-11174810030.052277
2022-08-02 05:00:00,1.007623985971139e-11,9.64210271409349e-11,6.964547983390173e-11,5.283883839141161e-13,1.4407845252699097e-14,-5.507882815014693e-12,-10341167803.306892
2022-08-02 06:00:00,1.09658831259095e-11,9.464597005393829e-11,7.04235593042325e-11,5.288320658993709e-13,1.572524469620481e-14,-5.2031827377788354e-12,-9627651770.695908
2022-08-02 07:00:00,1.1721802558808202e-11,9.095869626086897e-11,7.50656919558728e-11,5.293358584612106e-13,-3.6212347614475785e-15,-4.656581512319195e-12,-9314887466.476913
2022-08-02 08:00:00,1.2452655778087321e-11,8.578062523892314e-11,8.243128367344053e-11,5.315581710182241e-13,-3.9306901076153484e-14,-4.262625987757698e-12,-9257424568.15438
2022-08-02 09:00:00,1.3418398079063897e-11,7.965568107303772e-11,9.145733633949152e-11,5.34318478504054e-13,-6.492454012440567e-14,-3.846948016892722e-12,-9202034795.2406
2022-08-02 10:00:00,1.4650609656702907e-11,7.874109200112886e-11,9.446187686300266e-11,5.363055186762424e-13,-8.456379439028643e-14,-2.905482579905989e-12,-9071801889.511978
2022-08-02 11:00:00,1.6035543488765097e-11,8.47890988760731e-11,8.92742132408477e-11,5.390323683755811e-13,-1.0394867462840589e-13,-1.6513338185189484e-12,-8914813088.969963
2022-08-02 12:00:00,1.7743978730059415e-11,8.885417675192164e-11,8.108859284952301e-11,5.438941664875174e-13,-1.19357566385667e-13,-3.0283997191799323e-13,-8450490642.850166
2022-08-02 13:00:00,1.95635736263562e-11,9.024575006276984e-11,7.636395934977079e-11,5.472781762707466e-13,-1.3227152040393478e-13,1.0279514261168533e-12,-7710167737.735893
2022-08-02 14:00:00,2.1308701677812934e-11,8.994869991912271e-11,7.242786173222965e-11,5.501502159202823e-13,-1.4245084244283607e-13,2.3345383458354535e-12,-6892306316.799583
2022-08-02 15:00:00,2.3002619876760853e-11,8.860815107925801e-11,7.036403169768157e-11,5.522730818101483e-13,-1.4465522123412494e-13,3.6096257606572333e-12,-5969522910.943104
2022-08-02 16:00:00,2.472267249391227e-11,8.670524939504005e-11,6.862974107725347e-11,5.541060495932789e-13,-1.4511528530917075e-13,4.8460036201879065e-12,-4782920350.802883
2022-08-02 17:00:00,2.6532128665970063e-11,8.508722802655678e-11,6.6785210920361e-11,5.561637255304272e-13,-1.3729641367400858e-13,6.094680312882012e-12,-3537885831.068508
2022-08-02 18:00:00,2.8135823250255783e-11,8.473685819782236e-11,6.449126611542239e-11,5.584240760014725e-13,-1.2192262214069133e-13,7.467219047005474e-12,-2386048767.0479393
2022-08-02 19:00:00,2.944493940098523e-11,8.507026756356128e-11,6.15207434811665e-11,5.601813909218135e-13,-1.0494410511262171e-13,8.482584736809643e-12,-1291171352.146309
2022-08-02 20:00:00,3.0340387629724295e-11,8.413911458773925e-11,6.040723896710644e-11,5.620013212129308e-13,-9.062632797926737e-14,9.201371105717767e-12,-394011461.2337189
2022-08-02 21:00:00,3.071677480227194e-11,7.742443569355634e-11,6.555510770597524e-11,5.644474613637871e-13,-7.887127673672706e-14,9.418015702533312e-12,192013590.61632156
2022-08-02 22:00:00,2.990631673303096e-11,7.44446555076133e-11,6.850855303984449e-11,5.666008725063655e-13,-6.398194174532295e-14,8.438040922664505e-12,322195344.67831993
2022-08-02 23:00:00,2.738322434025626e-11,7.476980120532176e-11,6.801964841847918e-11,5.707596551457269e-13,-6.36865134359881e-14,6.148222521496205e-12,-1436746667.4071178
2022-08-03 00:00:00,2.4107002595021177e-11,7.897611784854495e-11,6.446003245391969e-11,5.755866876466465e-13,-5.921680042851631e-14,2.9301178590318284e-12,-3143648503.315132
2022-08-03 01:00:00,2.1513061915565108e-11,8.466758274642808e-11,5.880456321063843e-11,5.793392313752179e-13,-5.906528559110603e-14,4.943725378606159e-13,-770610747.6546555
2022-08-03 02:00:00,2.072416616449065e-11,8.868154607591548e-11,5.2139241664481904e-11,5.828623040620464e-13,-5.397634922695332e-14,-2.912064247705744e-13,-114148200.01425552
2022-08-03 03:00:00,2.1494788939055284e-11,9.077690174190756e-11,4.668220531324656e-11,5.841982240273752e-13,-6.555955937004037e-14,5.459032288398081e-13,829288914.4008026
2022-08-03 04:00:00,2.321170936773833e-11,9.111686584464197e-11,4.286478116045786e-11,5.840937474618172e-13,-7.786879004785286e-14,2.5144359936718628e-12,1349281005.1095028
2022-08-03 05:00:00,2.5099818013128837e-11,8.989945884902754e-11,4.080196886933037e-11,5.84530534915499e-13,-9.20319226306759e-14,4.087535210933345e-12,1488217721.0757751
2022-08-03 06:00:00,2.6821796336122613e-11,8.750560366177367e-11,4.0665035585313225e-11,5.854214614615299e-13,-9.842500792391888e-14,5.476037675828633e-12,1476319589.255375
2022-08-03 07:00:00,2.814582145851261e-11,8.443963555791657e-11,4.225473036297376e-11,5.867512643536261e-13,-9.652918223113105e-14,6.430460992015793e-12,1463213061.126052
2022-08-03 08:00:00,2.8969868531735795e-11,8.071595742129887e-11,4.5647872929245573e-11,5.888446840445588e-13,-8.174800582801954e-14,7.083709701293939e-12,1451197225.215663
2022-08-03 09:00:00,2.961881381664399e-11,7.626078200807964e-11,5.013602968003349e-11,5.917572528677643e-13,-6.089832547787625e-14,7.624315927723445e-12,1478040512.8181486
2022-08-03 10:00:00,3.024646100841787e-11,7.493859665453783e-11,5.1115795713123285e-11,5.9516030946984e-13,-3.996061969368779e-14,8.012675603126445e-12,1510531691.2425385
2022-08-03 11:00:00,3.085734229148724e-11,7.94841422795722e-11,4.470925428029457e-11,5.985400469314217e-13,-3.059095301958962e-14,8.30387706733317e-12,1546575752.8922005
2022-08-03 12:00:00,3.13138731298359e-11,8.336963659390985e-11,3.906039956369984e-11,6.015200709141299e-13,-1.7424133982194832e-14,8.467223090295298e-12,1592952339.9975796
2022-08-03 13:00:00,3.148692168449039e-11,8.62035500245085e-11,3.423826898305604e-11,6.036680832682037e-13,-7.575958682824355e-16,8.593623265565066e-12,1644889348.718193
2022-08-03 14:00:00,3.147488382994195e-11,8.819541503210899e-11,3.001525063057002e-11,6.050496616256852e-13,9.747985294711126e-15,8.62831656956507e-12,1703404095.083331
2022-08-03 15:00:00,3.121504260378745e-11,8.926880188738335e-11,2.6241154672062465e-11,6.031776195774604e-13,7.241606298301002e-15,8.75374833463942e-12,1793135905.2584295
2022-08-03 16:00:00,3.090589481675981e-11,8.998303912455043e-11,2.311233291852086e-11,5.984836610595353e-13,-8.47046348076532e-15,8.876720608016543e-12,1880971657.249833
2022-08-03 17:00:00,3.0623490026573725e-11,8.907751345647277e-11,2.0297636025269126e-11,5.922526347414529e-13,-1.6824039547342528e-14,8.966506299114489e-12,1958577598.7897158
2022-08-03 18:00:00,3.043442563043222e-11,8.782456881805827e-11,1.815261460989727e-11,5.838829652233226e-13,-3.0363920146648344e-16,9.07232537012568e-12,2025659108.4308558
2022-08-03 19:00:00,3.042217806534979e-11,8.601716586927714e-11,1.6377187543793175e-11,5.739368261283869e-13,4.814526910224631e-15,9.59097540995759e-12,2086210310.0245123
2022-08-03 20:00:00,3.0744424420816514e-11,8.298250407701574e-11,1.5619578089254955e-11,5.643152765034607e-13,1.2545785460049798e-15,1.0143783471804534e-11,2137953232.66224
2022-08-03 21:00:00,3.0976528484825645e-11,7.755111959689615e-11,1.8809402351970024e-11,5.55350909759529e-13,-9.653129140479467e-15,1.0672767323291046e-11,2171021283.5478525
2022-08-03 22:00:00,3.1685674553214096e-11,7.268583056656032e-11,2.183947189160194e-11,5.466820983500913e-13,-3.410007433925199e-14,1.1525485182508674e-11,2203350302.296811
2022-08-03 23:00:00,3.252761173997317e-11,6.847755610674954e-11,2.3722420155457553e-11,5.380907061319764e-13,-4.1875141367761885e-14,1.2327933731317928e-11,2232067255.6527147
2022-08-04 00:00:00,3.290599201229506e-11,6.590356854492668e-11,2.4225891455215372e-11,5.300418939564203e-13,-4.9548019259853645e-14,1.2993631081110385e-11,1941897066.065734
2022-08-04 01:00:00,3.3510120292376565e-11,6.455163128994859e-11,2.371591036325839e-11,5.237576151078743e-13,-5.223224593352534e-14,1.3947736959763505e-11,796089665.935112
2022-08-04 02:00:00,3.459714336646986e-11,6.35394321550106e-11,2.2772506324918495e-11,5.177123071121703e-13,-5.459057639040054e-14,1.5461408600920978e-11,-102897485.18021774
2022-08-04 03:00:00,3.5976152016329285e-11,6.274862251849636e-11,2.206640890734862e-11,5.124454202747494e-13,-5.765029898295724e-14,1.7167352203292393e-11,431679020.9445572
2022-08-04 04:00:00,3.7365207317348244e-11,6.196785228900235e-11,2.1962687484396832e-11,5.081898889222769e-13,-6.008844599220847e-14,1.87569821062313e-11,706806503.1466923
2022-08-04 05:00:00,3.854047004261277e-11,6.117891636029901e-11,2.2469623074505014e-11,5.050306425054577e-13,-6.026937594006062e-14,2.0172094708652067e-11,978583768.0702477
2022-08-04 06:00:00,3.936592932386235e-11,6.023830343289631e-11,2.3532938330577657e-11,5.023170436567808e-13,-5.819093219170808e-14,2.125835204053049e-11,1282161068.3823833
2022-08-04 07:00:00,3.978753771004312e-11,5.890623585934765e-11,2.5567960902230852e-11,5.001539714507514e-13,-5.932903555560066e-14,2.201884893891723e-11,1594292354.3119297
2022-08-04 08:00:00,3.984581139813582e-11,5.7370015482760965e-11,2.8834587475401223e-11,4.977585400337557e-13,-6.442759772913818e-14,2.2371273861028695e-11,1845647566.1469078
2022-08-04 09:00:00,3.9624937059524564e-11,5.564025208961767e-11,3.317196507839841e-11,4.946340867884134e-13,-7.155024957575427e-14,2.2507718265145064e-11,2037334881.407052
2022-08-04 10:00:00,3.9259917788261105e-11,5.694103227565136e-11,3.474089541595026e-11,4.90609219914572e-13,-7.915253416955151e-14,2.2496971770835767e-11,2157217912.1791763
2022-08-04 11:00:00,3.877735654867233e-11,6.307700561318103e-11,3.156393022569612e-11,4.854967556300091e-13,-8.633005708552828e-14,2.241131242276642e-11,2270833595.1392603
2022-08-04 12:00:00,3.8141450742960476e-11,6.798536535413695e-11,2.9830372208914445e-11,4.785065511739971e-13,-8.887599706386469e-14,2.2200553229987993e-11,2383967776.2768774
2022-08-04 13:00:00,3.7375258547197256e-11,7.153567973838734e-11,2.8948237533212392e-11,4.700101869341451e-13,-8.899505153947005e-14,2.1882450340654928e-11,2500166709.586158
2022-08-04 14:00:00,3.6475493893331773e-11,7.411765144142237e-11,2.890801301306017e-11,4.602651917065209e-13,-8.842843431293223e-14,2.151134896615751e-11,2580491750.7642117
2022-08-04 15:00:00,3.5364574029206266e-11,7.617441558690424e-11,2.969351440314496e-11,4.482809523405272e-13,-8.716591229401586e-14,2.108939129932922e-11,2646657883.1281643
2022-08-04 16:00:00,3.413929241680067e-11,7.749682651012762e-11,3.066565931427297e-11,4.3495725334789087e-13,-8.63471399608089e-14,2.057925729546844e-11,2708716786.2344112
2022-08-04 17:00:00,3.28807600872814e-11,7.766776999303653e-11,3.142350712040986e-11,4.222152781465524e-13,-8.67231129387414e-14,1.9950334750527687e-11,2757309591.841735
2022-08-04 18:00:00,3.153975891910209e-11,7.869428850383908e-11,3.3159976133898353e-11,4.0768147639456525e-13,-9.037029393691507e-14,1.9288822926070915e-11,2797146216.8364134
2022-08-04 19:00:00,3.013286465301451e-11,7.996799933298825e-11,3.38293087094397e-11,3.923825338025675e-13,-9.313524356473055e-14,1.8580513744259777e-11,2825150967.260606
2022-08-04 20:00:00,2.87364775782222e-11,7.987375919034142e-11,3.4643827491450615e-11,3.7638726427112406e-13,-9.169726125738422e-14,1.779169765660848e-11,2835983892.9199467
2022-08-04 21:00:00,2.7084053021880458e-11,7.389009251350566e-11,4.1838601227913056e-11,3.5781482479982267e-13,-8.793080643309113e-14,1.6814706696784026e-11,2844847343.494849
2022-08-04 22:00:00,2.572703600100756e-11,6.80933552657593e-11,4.97234270836918e-11,3.420068472364331e-13,-8.328501344035783e-14,1.5985252633610772e-11,2835268445.5417395
2022-08-04 23:00:00,2.4566012628968625e-11,6.482983010126464e-11,5.3255301277999436e-11,3.288301491639992e-13,-7.782011474615506e-14,1.531677472754375e-11,2787452894.7505007
2022-08-05 00:00:00,2.386521552478473e-11,6.51485135208695e-11,5.360924055102796e-11,3.1978740914455817e-13,-7.382483010533263e-14,1.5002629019290668e-11,2362850886.113634
2022-08-05 01:00:00,2.368754318477198e-11,6.783987402307378e-11,5.095388195408145e-11,3.135907745357433e-13,-6.921794747809636e-14,1.5119275369961043e-11,2105291019.0478134
2022-08-05 02:00:00,2.407976220130569e-11,7.080834676165271e-11,4.6765662520190584e-11,3.0913437429648695e-13,-6.691142795658522e-14,1.5704355552313608e-11,2629338598.563648
2022-08-05 03:00:00,2.4985498589121323e-11,7.357835642944294e-11,4.191767198108559e-11,3.067458216135065e-13,-6.755032175012353e-14,1.6797245108659132e-11,3005070838.6036987
2022-08-05 04:00:00,2.6568255457165864e-11,7.62285315074664e-11,3.818979812818927e-11,3.067881560580528e-13,-6.579101383851156e-14,1.851920056620956e-11,3442767755.939707
2022-08-05 05:00:00,2.8346392672382487e-11,7.796341037607622e-11,3.6421254041017943e-11,3.0819662698030897e-13,-6.747899567403105e-14,2.0358318674355323e-11,3371507524.132246
2022-08-05 06:00:00,2.9724238416048143e-11,7.862613471383449e-11,3.6761919640231894e-11,3.0996305638124355e-13,-6.778013441397131e-14,2.1755388340860995e-11,3095992763.479225
2022-08-05 07:00:00,3.049822982957944e-11,7.83761543581686e-11,3.922553120340714e-11,3.1236647470562396e-13,-7.002534773720502e-14,2.249509792868628e-11,2894855456.0753984
2022-08-05 08:00:00,3.07520508852985e-11,7.746794713640713e-11,4.389074208701503e-11,3.1601171176445485e-13,-7.697250901851278e-14,2.2713229271410168e-11,2794622129.39402
2022-08-05 09:00:00,3.0555064465198424e-11,7.560303833518016e-11,5.000919532486558e-11,3.1987713644515414e-13,-8.411978280306505e-14,2.248939317100265e-11,2658906051.940276
2022-08-05 10:00:00,3.0201317449456406e-11,7.823845894827187e-11,5.1351185507174304e-11,3.2446039657918674e-13,-9.043667716754669e-14,2.204943296240811e-11,2511710921.5278635
2022-08-05 11:00:00,2.979840383629155e-11,8.742284952183862e-11,4.469246642845706e-11,3.3058136662968206e-13,-9.525706829200595e-14,2.154037054657791e-11,2403059923.1612253
2022-08-05 12:00:00,2.939101705899157e-11,9.459476609593287e-11,3.893509065229302e-11,3.3858670816124396e-13,-9.916384495470107e-14,2.0915032003402735e-11,2309723319.629512
2022-08-05 13:00:00,2.8984421069563653e-11,9.97820663127694e-11,3.436323809915223e-11,3.4811682239432505e-13,-1.028466125031841e-13,2.018771741427082e-11,2213433778.1564865
2022-08-05 14:00:00,2.8660658005542905e-11,1.0273079915842284e-10,3.052839141688787e-11,3.589035695500618e-13,-1.039653792124857e-13,1.955760244205115e-11,2140056355.203596
2022-08-05 15:00:00,2.8514457685127446e-11,1.0405251961768083e-10,2.7105928125850072e-11,3.7178350811484886e-13,-1.0488281224601421e-13,1.9067532483742378e-11,2095025493.9606333
2022-08-05 16:00:00,2.8436548726194253e-11,1.0451819488062448e-10,2.448437565984108e-11,3.8605693141377946e-13,-1.0527457561090866e-13,1.851141510767713e-11,2085356166.7998657
2022-08-05 17:00:00,2.835581423517718e-11,1.0445122065162916e-10,2.2918395679005007e-11,4.0006347280879654e-13,-1.0475726495887927e-13,1.7902692044327408e-11,2099354261.5449038
2022-08-05 18:00:00,2.843213926770629e-11,1.0402530732721072e-10,2.218719708750034e-11,4.1479330153915136e-13,-1.0329378186232006e-13,1.7317699941406973e-11,2128919637.4986095
2022-08-05 19:00:00,2.868587534713392e-11,1.0359264556774304e-10,2.185286435294676e-11,4.302903590651733e-13,-1.0049220639255332e-13,1.6833013816574247e-11,2144696647.5994244
2022-08-05 20:00:00,2.8861509303245882e-11,1.027271104446531e-10,2.218959182414151e-11,4.4704022454476683e-13,-9.70088092488457e-14,1.6471109308127592e-11,2145175716.6537094
2022-08-05 21:00:00,2.8836362313017843e-11,9.677657459181299e-11,2.7960048939042972e-11,4.646178366108621e-13,-9.426142191116871e-14,1.6223715790485493e-11,2143194888.4621468
2022-08-05 22:00:00,2.8604406579168103e-11,9.035522443732311e-11,3.4409486333461e-11,4.824843808446e-13,-9.11116969543357e-14,1.6005294687864652e-11,2125971446.315464
2022-08-05 23:00:00,2.830439614716511e-11,8.578199931556136e-11,3.9545191270109856e-11,5.005030993388003e-13,-8.706343941479528e-14,1.5743749125478434e-11,2099908540.4033356
