time,SO4,SO2,DMS,HMS
2022-07-20 00:00:00,3.1295445700444467e-10,3.1295889593100503e-10,7.316135773769312e-11,2.2648861702157464e-11
2022-07-20 01:00:00,3.118084115854368e-10,3.012085826053591e-10,6.851165556873662e-11,2.1651718258730706e-11
2022-07-20 02:00:00,3.13591011983776e-10,2.9277352262451967e-10,6.36415232522261e-11,2.0847627514107783e-11
2022-07-20 03:00:00,3.1759050990468215e-10,2.838871368525105e-10,5.961815970312036e-11,2.0333955795709067e-11
2022-07-20 04:00:00,3.2315248098065457e-10,2.765236544531971e-10,5.715696115721576e-11,2.0098303253291434e-11
2022-07-20 05:00:00,3.287215508556082e-10,2.713473714782339e-10,5.614525674537851e-11,1.9968311730055754e-11
2022-07-20 06:00:00,3.355576433898695e-10,2.666253170120874e-10,5.556381137929169e-11,2.046536407007426e-11
2022-07-20 07:00:00,3.414889263498824e-10,2.666678509595466e-10,5.6858004982625036e-11,2.1030290300774186e-11
2022-07-20 08:00:00,3.4515927785443806e-10,2.704885418352584e-10,5.897727991655447e-11,2.1151272753603023e-11
2022-07-20 09:00:00,3.459371305121484e-10,2.780995924590962e-10,6.069784545002288e-11,2.1131503152630983e-11
2022-07-20 10:00:00,3.462289914370896e-10,2.9506578632350613e-10,6.09617551867094e-11,2.1110845191920383e-11
2022-07-20 11:00:00,3.463147141215986e-10,3.09824046267915e-10,5.908273165404704e-11,2.1163588319783657e-11
2022-07-20 12:00:00,3.4842775320791277e-10,3.213699325190105e-10,5.798832744553236e-11,2.1883748628668376e-11
2022-07-20 13:00:00,3.4989073813175407e-10,3.325891735060944e-10,5.686947362607692e-11,2.2299988744961583e-11
2022-07-20 14:00:00,3.518464211609779e-10,3.426473609144577e-10,5.5559849219924296e-11,2.2590188780232696e-11
2022-07-20 15:00:00,3.5672842934142434e-10,3.47674493848812e-10,5.423588337513366e-11,2.375426883128983e-11
2022-07-20 16:00:00,3.6143029629382673e-10,3.514468709604344e-10,5.3530025737833813e-11,2.449116840401211e-11
2022-07-20 17:00:00,3.653662519595095e-10,3.5356350779035294e-10,5.332333968170821e-11,2.5081240540939667e-11
2022-07-20 18:00:00,3.709920121661702e-10,3.5031054213460696e-10,5.308582080163678e-11,2.6562341994618784e-11
2022-07-20 19:00:00,3.73659243335495e-10,3.4952727078537896e-10,5.3110793966336325e-11,2.7433019762770615e-11
2022-07-20 20:00:00,3.755819579794719e-10,3.52504888116832e-10,5.364272061199239e-11,2.81217813466348e-11
2022-07-20 21:00:00,3.746513230828543e-10,3.5068447743695815e-10,5.536397528656454e-11,2.792730160705583e-11
2022-07-20 22:00:00,3.7117872497756005e-10,3.4594858645714403e-10,5.61484942981346e-11,2.772295268352708e-11
2022-07-20 23:00:00,3.671201294094849e-10,3.4099540148556157e-10,5.4968927232927527e-11,2.447225038338111e-11
2022-07-21 00:00:00,3.6673938368631654e-10,3.234683841686791e-10,5.240729754091453e-11,2.2493863802113255e-11
2022-07-21 01:00:00,3.703683109611887e-10,3.124264294541309e-10,4.901724499044616e-11,2.208343240266797e-11
2022-07-21 02:00:00,3.7327651272661745e-10,3.0048132279317615e-10,4.493621568494985e-11,2.168373827978012e-11
2022-07-21 03:00:00,3.759977191667425e-10,2.868081043489145e-10,4.158155575351248e-11,2.1466909740310758e-11
2022-07-21 04:00:00,3.8069786267932586e-10,2.755540922524852e-10,3.9186042793180373e-11,2.1522486657647304e-11
2022-07-21 05:00:00,3.841891785043042e-10,2.667334808304903e-10,3.7934456558923787e-11,2.1554337255854875e-11
2022-07-21 06:00:00,3.87390753508237e-10,2.596677848182436e-10,3.8011700635647386e-11,2.1809419077700898e-11
2022-07-21 07:00:00,3.907039767986634e-10,2.549947624350055e-10,3.936198182748463e-11,2.217329753661524e-11
2022-07-21 08:00:00,3.91522878528688e-10,2.5528181073203186e-10,4.209696691867247e-11,2.2323277156263832e-11
2022-07-21 09:00:00,3.919431644115984e-10,2.588137291672583e-10,4.449502980369594e-11,2.2493959539800854e-11
2022-07-21 10:00:00,3.9172669386600043e-10,2.6691861559647164e-10,4.474428842764968e-11,2.2715398318603392e-11
2022-07-21 11:00:00,3.9172367771169145e-10,2.769581283752048e-10,4.220850891150002e-11,2.292024280396017e-11
2022-07-21 12:00:00,3.928662540049764e-10,2.804355450141041e-10,4.067610211518436e-11,2.35707051000867e-11
2022-07-21 13:00:00,3.9381292638994484e-10,2.8628842204596806e-10,3.9698359752480185e-11,2.4035325885380835e-11
2022-07-21 14:00:00,3.9441247721675103e-10,2.90707654868568e-10,3.916744861818885e-11,2.435959974968569e-11
2022-07-21 15:00:00,3.958001481068358e-10,2.9651423921075106e-10,3.867572411511198e-11,2.5018145779450297e-11
2022-07-21 16:00:00,3.9683078356623957e-10,3.017505928181691e-10,3.82402118580862e-11,2.5486448430227285e-11
2022-07-21 17:00:00,3.975278570698046e-10,3.0435316596903586e-10,3.784648432074996e-11,2.583843669232266e-11
2022-07-21 18:00:00,3.9929748754790584e-10,3.0568089808791933e-10,3.7733231608666765e-11,2.7067061571581454e-11
2022-07-21 19:00:00,4.0120202053954295e-10,3.145419773193578e-10,3.77124937030141e-11,2.788442398144056e-11
2022-07-21 20:00:00,4.020670184889303e-10,3.258750705038221e-10,3.917962119751813e-11,2.857749624656777e-11
2022-07-21 21:00:00,3.960580995744373e-10,3.442471417304464e-10,4.093086888520475e-11,2.684834392998842e-11
2022-07-21 22:00:00,3.962118551291208e-10,3.56042002821705e-10,4.250850588418145e-11,2.6265027725073204e-11
2022-07-21 23:00:00,3.949874928517463e-10,3.574879982780364e-10,4.252340481638134e-11,2.5058672483320182e-11
2022-07-22 00:00:00,3.919448079313715e-10,3.4218349447489847e-10,4.113592084062199e-11,2.3673433431781467e-11
2022-07-22 01:00:00,3.9325706466949037e-10,3.3334200438610144e-10,3.860755331109075e-11,2.2938944312551295e-11
2022-07-22 02:00:00,3.949625549915969e-10,3.2440804152937023e-10,3.632733471244137e-11,2.213664019117296e-11
2022-07-22 03:00:00,3.9829390832212614e-10,3.1330444053757566e-10,3.3659190167319704e-11,2.171249373909843e-11
2022-07-22 04:00:00,4.0426616397602616e-10,3.06170488680953e-10,3.243831979069767e-11,2.1566194455918854e-11
2022-07-22 05:00:00,4.1016026584319436e-10,3.020012557814136e-10,3.221200240740024e-11,2.1465317009150627e-11
2022-07-22 06:00:00,4.1608362996688673e-10,2.9602557193151913e-10,3.3184121667876854e-11,2.1932881159663854e-11
2022-07-22 07:00:00,4.2268776554379224e-10,2.9649035240632743e-10,3.5060958063759104e-11,2.260454616874386e-11
2022-07-22 08:00:00,4.2699302485431666e-10,3.0291165750893136e-10,3.776000980217218e-11,2.2940963839019206e-11
2022-07-22 09:00:00,4.2873085775017744e-10,3.147521349683271e-10,4.025129079622544e-11,2.3126048834686293e-11
2022-07-22 10:00:00,4.2898414723212373e-10,3.290617901361679e-10,4.0492758674828015e-11,2.3209044363154982e-11
2022-07-22 11:00:00,4.29355396891361e-10,3.42194205146585e-10,3.919464123786419e-11,2.3319695661307714e-11
2022-07-22 12:00:00,4.302588941520613e-10,3.532067415183941e-10,3.869628515882057e-11,2.369253607425296e-11
2022-07-22 13:00:00,4.317726364450214e-10,3.673705150149033e-10,3.8593598050262734e-11,2.404772348824182e-11
2022-07-22 14:00:00,4.318133514697454e-10,3.772985358963189e-10,3.872033560671687e-11,2.427822652741471e-11
2022-07-22 15:00:00,4.314382625328939e-10,3.7951495036117626e-10,3.926329704246967e-11,2.4770719213684582e-11
2022-07-22 16:00:00,4.315513951183701e-10,3.7791480724631617e-10,3.992434049850916e-11,2.5151104528090724e-11
2022-07-22 17:00:00,4.30456340594832e-10,3.757691348626494e-10,4.0670400560156234e-11,2.5426166875290568e-11
2022-07-22 18:00:00,4.3213596861035927e-10,3.743861061441816e-10,4.095832253369378e-11,2.6532073918744617e-11
2022-07-22 19:00:00,4.3468688923869753e-10,3.747732565689335e-10,4.183994438802165e-11,2.7504397245803612e-11
2022-07-22 20:00:00,4.362895176380404e-10,3.766928372764063e-10,4.391442230448763e-11,2.8182365212285543e-11
2022-07-22 21:00:00,4.3443324936945373e-10,3.81265268125736e-10,4.617233425563463e-11,2.771696679798794e-11
2022-07-22 22:00:00,4.3385539326570816e-10,3.873546848342724e-10,4.7731959901205406e-11,2.7129139653968396e-11
2022-07-22 23:00:00,4.340445135780807e-10,3.8593566167456487e-10,4.786869439106561e-11,2.6445284781027813e-11
2022-07-23 00:00:00,4.349321125751979e-10,3.786164607095685e-10,4.6209102056922065e-11,2.575196948187186e-11
2022-07-23 01:00:00,4.393962362174666e-10,3.661243095522638e-10,4.41988064116296e-11,2.537170109785448e-11
2022-07-23 02:00:00,4.4348110571161135e-10,3.518848950037099e-10,4.2133052858973175e-11,2.4843265463458004e-11
2022-07-23 03:00:00,4.483890320963806e-10,3.360927704109089e-10,4.042153291569656e-11,2.4472169321979177e-11
2022-07-23 04:00:00,4.543772407719741e-10,3.22401427821651e-10,3.98485808336861e-11,2.427735235469985e-11
2022-07-23 05:00:00,4.599774512531121e-10,3.1223060571516187e-10,4.0428269117898413e-11,2.4159496746663828e-11
2022-07-23 06:00:00,4.6461071339961116e-10,3.046482172504315e-10,4.150630372323257e-11,2.437485756264046e-11
2022-07-23 07:00:00,4.675655066503534e-10,3.0178601947857564e-10,4.3829731451194026e-11,2.472917055903512e-11
2022-07-23 08:00:00,4.687939717444582e-10,3.040159449741266e-10,4.701565819595658e-11,2.488914399344622e-11
2022-07-23 09:00:00,4.674785062173523e-10,3.1096496887190467e-10,4.9270034866535076e-11,2.489415170538891e-11
2022-07-23 10:00:00,4.639601502411209e-10,3.2291144060495144e-10,4.9579264302763737e-11,2.4703114195425462e-11
2022-07-23 11:00:00,4.60491298751242e-10,3.337777154079877e-10,4.6895213977042504e-11,2.4529474116379402e-11
2022-07-23 12:00:00,4.5916563589213075e-10,3.454621900733135e-10,4.478935330149026e-11,2.4693040621854608e-11
2022-07-23 13:00:00,4.5727238620896576e-10,3.562457895871746e-10,4.343656336923227e-11,2.4777091561173456e-11
2022-07-23 14:00:00,4.5520841718684705e-10,3.624776990902042e-10,4.234341658000319e-11,2.4955011853064198e-11
2022-07-23 15:00:00,4.537963762830266e-10,3.6501960087447097e-10,4.157060493409856e-11,2.5349336505203457e-11
2022-07-23 16:00:00,4.512202651492635e-10,3.661551417853058e-10,4.1336573912853546e-11,2.5494928688794397e-11
2022-07-23 17:00:00,4.475244101611143e-10,3.633701710711959e-10,4.084392645968216e-11,2.5520258195636477e-11
2022-07-23 18:00:00,4.451093067663108e-10,3.585944330140573e-10,4.041572054088961e-11,2.6027920971241617e-11
2022-07-23 19:00:00,4.4290703459214443e-10,3.5854767956461175e-10,4.023582295272743e-11,2.6413282751223102e-11
2022-07-23 20:00:00,4.39441140981961e-10,3.5872432799441585e-10,4.099683593856477e-11,2.670260763953106e-11
2022-07-23 21:00:00,4.3404647167417733e-10,3.662746807471972e-10,4.2408886136338166e-11,2.6285634734146107e-11
2022-07-23 22:00:00,4.277432003975634e-10,4.0314437177845005e-10,4.3296027987262294e-11,2.5171799247910172e-11
2022-07-23 23:00:00,4.246960340667387e-10,4.0828683217209335e-10,4.2895116968345576e-11,2.462766270785245e-11
2022-07-24 00:00:00,4.229402174645671e-10,3.8943933279789527e-10,4.115546782945831e-11,2.3992029562914202e-11
2022-07-24 01:00:00,4.252347433044529e-10,3.735412195500542e-10,3.899674910123247e-11,2.36559572348363e-11
2022-07-24 02:00:00,4.2818375343334343e-10,3.595477307399251e-10,3.678326539238101e-11,2.311055881994151e-11
2022-07-24 03:00:00,4.322995459755757e-10,3.486093827662279e-10,3.4829520080895975e-11,2.257002572855044e-11
2022-07-24 04:00:00,4.3829122777352157e-10,3.4220277423178643e-10,3.359844243012431e-11,2.2215660623585182e-11
2022-07-24 05:00:00,4.449066998323634e-10,3.385118529486476e-10,3.3490131828257237e-11,2.2007593804462798e-11
2022-07-24 06:00:00,4.5240081442370556e-10,3.352112112680759e-10,3.431160441217949e-11,2.2198025105682694e-11
2022-07-24 07:00:00,4.5977653415176605e-10,3.3441890222787515e-10,3.589685727160053e-11,2.263956390533257e-11
2022-07-24 08:00:00,4.650830245828859e-10,3.390374618381311e-10,3.846231743807563e-11,2.3004944505727866e-11
2022-07-24 09:00:00,4.690018068172759e-10,3.4415427328176757e-10,4.099764119196233e-11,2.336709345092882e-11
2022-07-24 10:00:00,4.711385286983789e-10,3.5012303690316377e-10,4.2461974817755087e-11,2.3596401160774664e-11
2022-07-24 11:00:00,4.731031324161493e-10,3.6431024308247893e-10,4.187294523918285e-11,2.381576606011314e-11
2022-07-24 12:00:00,4.754262096353413e-10,3.673901910967472e-10,4.18806795911763e-11,2.447402400174012e-11
2022-07-24 13:00:00,4.765841817163614e-10,3.731881676409327e-10,4.226862490233275e-11,2.4945141097583868e-11
2022-07-24 14:00:00,4.761327570378078e-10,3.819899381544766e-10,4.247538782703179e-11,2.5299006534954072e-11
2022-07-24 15:00:00,4.788625158269068e-10,3.7790753522444995e-10,4.282009138925163e-11,2.6592804119191306e-11
2022-07-24 16:00:00,4.807680026962868e-10,3.7804842742247614e-10,4.3168283847199775e-11,2.727686443079582e-11
2022-07-24 17:00:00,4.826560946662533e-10,3.7745108938055186e-10,4.3418749094568385e-11,2.7865547511197846e-11
2022-07-24 18:00:00,4.854327637155796e-10,3.772913436475216e-10,4.3643748584978914e-11,2.8701325580600845e-11
2022-07-24 19:00:00,4.875579418587392e-10,3.819545184553227e-10,4.4182684528672844e-11,2.926829274297946e-11
2022-07-24 20:00:00,4.894100474934314e-10,3.9490923548245153e-10,4.531632177035108e-11,2.9697478106645246e-11
2022-07-24 21:00:00,4.878698787890613e-10,3.988375779933337e-10,4.650170868571192e-11,2.884601639429625e-11
2022-07-24 22:00:00,4.856397032546934e-10,4.051660112323744e-10,4.672475043484538e-11,2.8267980801004243e-11
2022-07-24 23:00:00,4.803548036443625e-10,3.9564878267490613e-10,4.554316688854347e-11,2.7092864491825558e-11
2022-07-25 00:00:00,4.75472713985051e-10,3.822699631750684e-10,4.299473654068237e-11,2.599057062271725e-11
2022-07-25 01:00:00,4.751384285888658e-10,3.7264717129903e-10,4.024650318086502e-11,2.5311158242362376e-11
2022-07-25 02:00:00,4.76071974145058e-10,3.6106166326285916e-10,3.7420464957930585e-11,2.4681667554528872e-11
2022-07-25 03:00:00,4.784234155267043e-10,3.4875586069022634e-10,3.4943342189323394e-11,2.4168801657422037e-11
2022-07-25 04:00:00,4.82497472619891e-10,3.3933529217833046e-10,3.343206612925897e-11,2.390786344045322e-11
2022-07-25 05:00:00,4.860766310472312e-10,3.325876780099555e-10,3.28232857614921e-11,2.382280641629485e-11
2022-07-25 06:00:00,4.904173596173403e-10,3.2768513567868553e-10,3.2936636367675825e-11,2.417481765823887e-11
2022-07-25 07:00:00,4.947843901688699e-10,3.265011305470177e-10,3.38866177075049e-11,2.4728198655544e-11
2022-07-25 08:00:00,4.980321374351978e-10,3.3319751342192405e-10,3.544158961757406e-11,2.5118176999153953e-11
2022-07-25 09:00:00,4.984263677735224e-10,3.4110526729439364e-10,3.7311444071293325e-11,2.550370173217142e-11
2022-07-25 10:00:00,4.976328146947518e-10,3.5573949233563277e-10,3.8304623360917435e-11,2.579841619268388e-11
2022-07-25 11:00:00,4.959468475260159e-10,3.703814068841225e-10,3.7422644623737815e-11,2.6012658508353945e-11
2022-07-25 12:00:00,4.975513160778666e-10,3.769574840409952e-10,3.672252049892777e-11,2.7015423533554887e-11
2022-07-25 13:00:00,4.988013760841848e-10,3.833384741027733e-10,3.661812226393829e-11,2.79186217075959e-11
2022-07-25 14:00:00,4.995667581721096e-10,3.872108354315377e-10,3.633749021269457e-11,2.869948542147398e-11
2022-07-25 15:00:00,5.057101123503818e-10,3.8806865309741437e-10,3.6147176162803366e-11,3.038808694663428e-11
2022-07-25 16:00:00,5.092784289021577e-10,3.939702526792311e-10,3.610117463590093e-11,3.128059780960212e-11
2022-07-25 17:00:00,5.114026041512892e-10,3.9684391019240866e-10,3.6110662365253406e-11,3.196846945844282e-11
2022-07-25 18:00:00,5.16973009989488e-10,3.961754956062799e-10,3.614892220369147e-11,3.338573706460368e-11
2022-07-25 19:00:00,5.207469202503391e-10,3.943935951977558e-10,3.632040433953139e-11,3.418439715178558e-11
2022-07-25 20:00:00,5.240616271756516e-10,3.9526440217688015e-10,3.696619703188132e-11,3.487872788971531e-11
2022-07-25 21:00:00,5.187476157347581e-10,3.9375590409292723e-10,3.745110433596644e-11,3.4109618598919985e-11
2022-07-25 22:00:00,5.146778395791204e-10,4.1289530818679165e-10,3.7639790605516255e-11,3.320541482986922e-11
2022-07-25 23:00:00,5.056787001324934e-10,4.0810219101943006e-10,3.652261246433965e-11,3.129390363337844e-11
2022-07-26 00:00:00,4.980667391842323e-10,3.8796964847097054e-10,3.441985882701092e-11,2.9860717754552566e-11
2022-07-26 01:00:00,4.967063420830433e-10,3.758877124039655e-10,3.222236102651172e-11,2.90664587406929e-11
2022-07-26 02:00:00,4.972799284079889e-10,3.637779688009709e-10,3.005338384679833e-11,2.8401251540535083e-11
2022-07-26 03:00:00,5.000676767723616e-10,3.5335136584330356e-10,2.8207766608885844e-11,2.791173373360212e-11
2022-07-26 04:00:00,5.045384833156114e-10,3.44431555814437e-10,2.7267380242450715e-11,2.7697049358460985e-11
2022-07-26 05:00:00,5.084313174257059e-10,3.3731118110656524e-10,2.7174535257420564e-11,2.758326551619638e-11
2022-07-26 06:00:00,5.133308999454856e-10,3.321473966600914e-10,2.7472677448958918e-11,2.7690186055962398e-11
2022-07-26 07:00:00,5.17487101842729e-10,3.3275064178206056e-10,2.8927257386629505e-11,2.7771675918146956e-11
2022-07-26 08:00:00,5.186124190109263e-10,3.381669220605149e-10,3.129003234802556e-11,2.770563244412561e-11
2022-07-26 09:00:00,5.186349645341836e-10,3.4831637788938523e-10,3.3548534992224034e-11,2.7539034934889193e-11
2022-07-26 10:00:00,5.175299192251032e-10,3.6052277205903855e-10,3.448481236077524e-11,2.7271841873902148e-11
2022-07-26 11:00:00,5.152740210960228e-10,3.714626344053858e-10,3.380443728964108e-11,2.706477308050496e-11
2022-07-26 12:00:00,5.151090197069748e-10,3.779391478486849e-10,3.3187959526698255e-11,2.7110245987836545e-11
2022-07-26 13:00:00,5.141817386828427e-10,3.8365771850010025e-10,3.2845490379404117e-11,2.7062002330568625e-11
2022-07-26 14:00:00,5.126499682809508e-10,3.872303341780207e-10,3.233859292559082e-11,2.706538684475917e-11
2022-07-26 15:00:00,5.134605881610127e-10,3.8599562011711077e-10,3.203825385911154e-11,2.7479859254901856e-11
2022-07-26 16:00:00,5.11943559522857e-10,3.8313314572634125e-10,3.158663767261883e-11,2.756044226316273e-11
2022-07-26 17:00:00,5.09280097742001e-10,3.737889496573304e-10,3.1061999027836176e-11,2.7444584984058044e-11
2022-07-26 18:00:00,5.109910262778422e-10,3.694713696653759e-10,3.083508556538827e-11,2.7933765249774782e-11
2022-07-26 19:00:00,5.132649410132548e-10,3.6393673022793034e-10,3.0807100788846544e-11,2.8347160283460873e-11
2022-07-26 20:00:00,5.144809157933684e-10,3.62041274355141e-10,3.1326646665905285e-11,2.8589254869107322e-11
2022-07-26 21:00:00,5.108901750517731e-10,3.723899076205796e-10,3.2516836211665984e-11,2.831112406488292e-11
2022-07-26 22:00:00,5.06413392155643e-10,4.0326570442871835e-10,3.363053183878958e-11,2.763612823129791e-11
2022-07-26 23:00:00,5.026122279787941e-10,3.996983295150511e-10,3.3646321448930794e-11,2.6521650788006413e-11
2022-07-27 00:00:00,4.977015179646365e-10,3.881337893988534e-10,3.282097032532456e-11,2.5424748941312013e-11
2022-07-27 01:00:00,4.94121650161788e-10,3.727942140787708e-10,3.1589258603649995e-11,2.4656282634624574e-11
2022-07-27 02:00:00,4.903574406953782e-10,3.572173057954972e-10,3.038042981750979e-11,2.3824652193156973e-11
2022-07-27 03:00:00,4.874193370489373e-10,3.41498908917601e-10,2.9287200044283504e-11,2.314922855632128e-11
2022-07-27 04:00:00,4.87239367723526e-10,3.287834368260711e-10,2.8817974070643112e-11,2.2697943070974308e-11
2022-07-27 05:00:00,4.868728218966621e-10,3.202109309180014e-10,2.9069090682199243e-11,2.2303158796624726e-11
2022-07-27 06:00:00,4.880410946977607e-10,3.1479649038202785e-10,3.021916508932985e-11,2.2231762010716503e-11
2022-07-27 07:00:00,4.897526636957882e-10,3.1517179508459973e-10,3.224443033484427e-11,2.221827763701406e-11
2022-07-27 08:00:00,4.900154613207405e-10,3.215874449822992e-10,3.4783985337509796e-11,2.2126652451386222e-11
2022-07-27 09:00:00,4.904860954892402e-10,3.332232417223873e-10,3.707764167371923e-11,2.2215518391173575e-11
2022-07-27 10:00:00,4.910148135427782e-10,3.4992954425397076e-10,3.8541062530789685e-11,2.2314661855281522e-11
2022-07-27 11:00:00,4.911137543675877e-10,3.651404364828656e-10,3.836624117243268e-11,2.2390917773837867e-11
2022-07-27 12:00:00,4.921257051440293e-10,3.736661108528013e-10,3.7944575504360407e-11,2.2808647326032183e-11
2022-07-27 13:00:00,4.917839407086755e-10,3.81522365988112e-10,3.7836733977082674e-11,2.3010663950512894e-11
2022-07-27 14:00:00,4.912908162207301e-10,3.862032835008817e-10,3.752934489942711e-11,2.3120998760622275e-11
2022-07-27 15:00:00,4.90588349336327e-10,3.8476589410573325e-10,3.7527563151626756e-11,2.34701164357328e-11
2022-07-27 16:00:00,4.911342824398921e-10,3.8337976889058105e-10,3.7101271237406474e-11,2.3814412523576364e-11
2022-07-27 17:00:00,4.90276655267454e-10,3.818346878104054e-10,3.7231521645454754e-11,2.4053315388042543e-11
2022-07-27 18:00:00,4.889035977329383e-10,3.7917515060472174e-10,3.794032965410869e-11,2.4149378647071613e-11
2022-07-27 19:00:00,4.864109904814568e-10,3.7849604295613493e-10,3.8949971038459357e-11,2.404360660517182e-11
2022-07-27 20:00:00,4.83850842658732e-10,3.775638696407518e-10,4.062408556050839e-11,2.393171942216076e-11
2022-07-27 21:00:00,4.782987656802387e-10,3.830253019632171e-10,4.29080253356782e-11,2.3302916243296003e-11
2022-07-27 22:00:00,4.708162037982376e-10,3.856197602497066e-10,4.4651200470589717e-11,2.246989984118673e-11
2022-07-27 23:00:00,4.6344228288034606e-10,3.895586313728114e-10,4.5036730375405135e-11,2.1419027316973888e-11
2022-07-28 00:00:00,4.5762446029260644e-10,3.871283484061323e-10,4.386460301945937e-11,2.0659888544247332e-11
2022-07-28 01:00:00,4.5539920566612113e-10,3.7982517528300587e-10,4.184281278634877e-11,2.0125490953588703e-11
2022-07-28 02:00:00,4.5429289733018703e-10,3.672664399655491e-10,3.928561786881653e-11,1.9659323890134663e-11
2022-07-28 03:00:00,4.5434604099328714e-10,3.525291687842292e-10,3.7038763125821867e-11,1.94382936862528e-11
2022-07-28 04:00:00,4.5652869798065683e-10,3.401487363812157e-10,3.522579808164996e-11,1.9361468232635208e-11
2022-07-28 05:00:00,4.5951506532530436e-10,3.334638370222913e-10,3.44301851197151e-11,1.929234506448891e-11
2022-07-28 06:00:00,4.622863001905943e-10,3.2699228892021346e-10,3.478021780826077e-11,1.9447926322671896e-11
2022-07-28 07:00:00,4.6513905730885474e-10,3.2489520262354735e-10,3.637007699851238e-11,1.9634689614928507e-11
2022-07-28 08:00:00,4.655444185427165e-10,3.2730757831540347e-10,3.882453744581627e-11,1.974552307020586e-11
2022-07-28 09:00:00,4.6474826706501116e-10,3.307487226945446e-10,4.164054558296984e-11,1.9939052056832093e-11
2022-07-28 10:00:00,4.6192062831072773e-10,3.3998270445449476e-10,4.357576589917494e-11,1.9944735755448018e-11
2022-07-28 11:00:00,4.587467826200522e-10,3.490548181904684e-10,4.331241336311792e-11,1.9897584023602185e-11
2022-07-28 12:00:00,4.5858628790733963e-10,3.496797693071628e-10,4.317940098907705e-11,2.0453867564525882e-11
2022-07-28 13:00:00,4.5763924423034213e-10,3.5145805562751955e-10,4.3246360016324214e-11,2.0698214270406082e-11
2022-07-28 14:00:00,4.5595480997524107e-10,3.517749009218276e-10,4.337186126839819e-11,2.0895257074390894e-11
2022-07-28 15:00:00,4.553513995366296e-10,3.516370658111984e-10,4.354518140648156e-11,2.14059871313063e-11
2022-07-28 16:00:00,4.5280932223244615e-10,3.482336687789472e-10,4.364816324552687e-11,2.168012523101812e-11
2022-07-28 17:00:00,4.5048805552546373e-10,3.432153613208289e-10,4.378259223426291e-11,2.1875179254889113e-11
2022-07-28 18:00:00,4.4713512812184334e-10,3.35356722317294e-10,4.376324112145504e-11,2.2204968023763936e-11
2022-07-28 19:00:00,4.439496203011355e-10,3.303219732170653e-10,4.4037316127612e-11,2.2491929503758567e-11
2022-07-28 20:00:00,4.4225382238758705e-10,3.2686192743138997e-10,4.499580227807307e-11,2.2551143142254137e-11
2022-07-28 21:00:00,4.377288353891142e-10,3.3094386028287496e-10,4.694528202616199e-11,2.1796289964681862e-11
2022-07-28 22:00:00,4.3417611792108784e-10,3.3658024530032906e-10,4.844567169966042e-11,2.099550201024781e-11
2022-07-28 23:00:00,4.2856468837152195e-10,3.383690215381954e-10,4.862285604260967e-11,1.9523781761026836e-11
2022-07-29 00:00:00,4.2242244122262535e-10,3.2800669413524745e-10,4.693566082675777e-11,1.8402162932597024e-11
2022-07-29 01:00:00,4.1837266470714896e-10,3.1278955059934434e-10,4.4147538155315953e-11,1.794256478636826e-11
2022-07-29 02:00:00,4.1139592726525447e-10,2.976593409394035e-10,4.088291079844656e-11,1.7269309391939094e-11
2022-07-29 03:00:00,4.0826411336274034e-10,2.8476821861540183e-10,3.809626529077892e-11,1.6916172532320094e-11
2022-07-29 04:00:00,4.0787171776389265e-10,2.7431209858834484e-10,3.6223480695079324e-11,1.6906059232705377e-11
2022-07-29 05:00:00,4.081456897954193e-10,2.663807618038896e-10,3.535240356004362e-11,1.6996283645012677e-11
2022-07-29 06:00:00,4.11414750296926e-10,2.617309866567786e-10,3.5538252768275e-11,1.737500949790192e-11
2022-07-29 07:00:00,4.161813781023093e-10,2.619585709153038e-10,3.7016229085337574e-11,1.7765178611805912e-11
2022-07-29 08:00:00,4.1906579054788855e-10,2.6980099249307083e-10,3.955247461816647e-11,1.7925595564986747e-11
2022-07-29 09:00:00,4.2009491639194554e-10,2.8204482281610244e-10,4.247835256998111e-11,1.7958233634592383e-11
2022-07-29 10:00:00,4.2079492963548734e-10,3.0014479226678336e-10,4.4153597967128896e-11,1.7887350010992013e-11
2022-07-29 11:00:00,4.2067049497256685e-10,3.1840649323121575e-10,4.349436090516528e-11,1.7820325568450685e-11
2022-07-29 12:00:00,4.229198416452197e-10,3.3126169945918247e-10,4.299340909106077e-11,1.8413134919271293e-11
2022-07-29 13:00:00,4.2503053334113667e-10,3.431619638796358e-10,4.2899528944198623e-11,1.8912573958627798e-11
2022-07-29 14:00:00,4.260517710826554e-10,3.517106452145664e-10,4.2954050856020397e-11,1.9302186584615817e-11
2022-07-29 15:00:00,4.290463270663459e-10,3.4853475152703414e-10,4.2936161523993356e-11,2.057068489054337e-11
2022-07-29 16:00:00,4.308571272697445e-10,3.4478641583411317e-10,4.299829476623193e-11,2.1614735098722407e-11
2022-07-29 17:00:00,4.319371211029714e-10,3.3664040096917827e-10,4.3111845605403343e-11,2.249986077968619e-11
2022-07-29 18:00:00,4.348852856361744e-10,3.2701368016285635e-10,4.3210021242939454e-11,2.3786232326950794e-11
2022-07-29 19:00:00,4.3655993873463357e-10,3.2274895570725053e-10,4.3549161250275496e-11,2.4798495442689135e-11
2022-07-29 20:00:00,4.3703645199291847e-10,3.162890090258454e-10,4.4466324672112333e-11,2.5655818766664827e-11
2022-07-29 21:00:00,4.356122483153069e-10,3.174145185996993e-10,4.550571002122402e-11,2.5585740046549772e-11
2022-07-29 22:00:00,4.2817453335301027e-10,3.2019142723569936e-10,4.6224360268360506e-11,2.3161384511851923e-11
2022-07-29 23:00:00,4.122804897023179e-10,3.0546000177635377e-10,4.5682080915578105e-11,2.0993178834905393e-11
2022-07-30 00:00:00,3.9496821719200163e-10,2.8466206106788025e-10,4.416280993234997e-11,1.954122460576788e-11
2022-07-30 01:00:00,3.814757771840269e-10,2.704062470355376e-10,4.2079946995101533e-11,1.8643909954917356e-11
2022-07-30 02:00:00,3.6998254001273666e-10,2.579571884081176e-10,3.9837003512712474e-11,1.7801953627060344e-11
2022-07-30 03:00:00,3.623325757455944e-10,2.479267481242344e-10,3.660584617419715e-11,1.718620835780852e-11
2022-07-30 04:00:00,3.5705842415730403e-10,2.3811096994218783e-10,3.503359182060864e-11,1.6853076835192016e-11
2022-07-30 05:00:00,3.5378447970519665e-10,2.3241247731640892e-10,3.472192450899924e-11,1.6656090829989814e-11
2022-07-30 06:00:00,3.5382022577881086e-10,2.3003273626279058e-10,3.5450623200402264e-11,1.669220792680533e-11
2022-07-30 07:00:00,3.563379708973415e-10,2.317629450670746e-10,3.7761395745204576e-11,1.6829637448897682e-11
2022-07-30 08:00:00,3.5835624720712055e-10,2.368618759829513e-10,4.103234625546836e-11,1.690829537351959e-11
2022-07-30 09:00:00,3.588326212517166e-10,2.443410264012566e-10,4.4150982506302256e-11,1.6938157292964778e-11
2022-07-30 10:00:00,3.5891740577735695e-10,2.572200578563819e-10,4.6075682908545483e-11,1.6908221550763412e-11
2022-07-30 11:00:00,3.5866649791669913e-10,2.7277154100448726e-10,4.492356190457144e-11,1.6899296509996748e-11
2022-07-30 12:00:00,3.605385108151953e-10,2.8436269668344283e-10,4.372348191567202e-11,1.735719970023471e-11
2022-07-30 13:00:00,3.6176869737804553e-10,2.970653611226799e-10,4.349195969660545e-11,1.7769596451663556e-11
2022-07-30 14:00:00,3.6165279793267656e-10,3.0524533888261587e-10,4.3803431715736103e-11,1.806403154270155e-11
2022-07-30 15:00:00,3.6222155052862455e-10,3.0839813424227976e-10,4.463421178555281e-11,1.880386948599236e-11
2022-07-30 16:00:00,3.62602700823936e-10,3.126967925550261e-10,4.553659503876487e-11,1.9325654934416102e-11
2022-07-30 17:00:00,3.6275299434515127e-10,3.1608694884344527e-10,4.66090268663708e-11,1.977534874819908e-11
2022-07-30 18:00:00,3.6396647827532653e-10,3.171417304473611e-10,4.760025682582634e-11,2.0350159560767833e-11
2022-07-30 19:00:00,3.6483076756153844e-10,3.1827783596547036e-10,4.946726759853113e-11,2.0870835246743642e-11
2022-07-30 20:00:00,3.648455485902202e-10,3.203689948202139e-10,5.260461000098412e-11,2.1284219512686533e-11
2022-07-30 21:00:00,3.6011201395857676e-10,3.199458679719963e-10,5.603574757278762e-11,2.0942732970609696e-11
2022-07-30 22:00:00,3.5494062491748776e-10,3.2195597965662453e-10,5.869815606084855e-11,2.011177874527465e-11
2022-07-30 23:00:00,3.4748358059193846e-10,3.165978092923111e-10,5.897937486611753e-11,1.8811100513245068e-11
2022-07-31 00:00:00,3.397733539567996e-10,3.00533327692789e-10,5.697118466259027e-11,1.8105168822581316e-11
2022-07-31 01:00:00,3.3611557867114947e-10,2.876908643293213e-10,5.42241601062585e-11,1.7751639729704188e-11
2022-07-31 02:00:00,3.3375243566396413e-10,2.7403923529126257e-10,5.041485783662018e-11,1.7356414228201628e-11
2022-07-31 03:00:00,3.331849156796125e-10,2.629143397664447e-10,4.710015824440011e-11,1.7015617125656402e-11
2022-07-31 04:00:00,3.346910319015983e-10,2.551188842236033e-10,4.5430488368481694e-11,1.6790389376434267e-11
2022-07-31 05:00:00,3.3656055304420135e-10,2.491634114864654e-10,4.46622339168156e-11,1.662055326823925e-11
2022-07-31 06:00:00,3.398061769154003e-10,2.451821224272719e-10,4.4547787357105534e-11,1.6726852963414476e-11
2022-07-31 07:00:00,3.4340820004567857e-10,2.463943537207129e-10,4.630878749774011e-11,1.6940546932340656e-11
2022-07-31 08:00:00,3.4469780887024e-10,2.5360978696517945e-10,4.943066770488186e-11,1.6983324996672384e-11
2022-07-31 09:00:00,3.444229592292154e-10,2.6322194439989114e-10,5.247002949577168e-11,1.7014605598550153e-11
2022-07-31 10:00:00,3.4362305308584095e-10,2.769612832729681e-10,5.387067946616341e-11,1.699672649701868e-11
2022-07-31 11:00:00,3.4257990260548207e-10,2.918842758897058e-10,5.256038836225483e-11,1.6998000867477018e-11
2022-07-31 12:00:00,3.415418036756087e-10,3.0314471902900027e-10,5.138530822495452e-11,1.7243109975314205e-11
2022-07-31 13:00:00,3.396951722126274e-10,3.1374136039972697e-10,5.036812148780948e-11,1.7356368695394924e-11
2022-07-31 14:00:00,3.373841151140415e-10,3.1915220148975555e-10,4.948724607872295e-11,1.737104382413174e-11
2022-07-31 15:00:00,3.365656950835858e-10,3.2181024084380026e-10,4.8966459141060064e-11,1.781488079882763e-11
2022-07-31 16:00:00,3.361276081143961e-10,3.2346238493565374e-10,4.9105811494931575e-11,1.8230701147182604e-11
2022-07-31 17:00:00,3.3578787768953225e-10,3.239316679963423e-10,4.92676009249165e-11,1.8506059000885118e-11
2022-07-31 18:00:00,3.3627055914603857e-10,3.2012206291085623e-10,4.955243603407066e-11,1.915291771122597e-11
2022-07-31 19:00:00,3.3692485221444124e-10,3.203189316117699e-10,5.014604600677176e-11,1.9751579099047327e-11
2022-07-31 20:00:00,3.3681048112950253e-10,3.2037378603921813e-10,5.125354145007516e-11,2.026237029505712e-11
2022-07-31 21:00:00,3.29210145100172e-10,3.235056672858223e-10,5.266851797298207e-11,1.960251874808083e-11
2022-07-31 22:00:00,3.249421779120063e-10,3.317413366778293e-10,5.332629808315934e-11,1.86485773111644e-11
2022-07-31 23:00:00,3.193035019696152e-10,3.287941675286924e-10,5.2416189829493696e-11,1.7111509960323227e-11
2022-08-01 00:00:00,3.144463696038565e-10,3.1660894215879286e-10,5.066195794413191e-11,1.648873538052448e-11
2022-08-01 01:00:00,3.1384049793246597e-10,3.0320379027141556e-10,4.8474747319818516e-11,1.6605886922214645e-11
2022-08-01 02:00:00,3.134918938094072e-10,2.900796332490322e-10,4.5600553674577104e-11,1.6511754035248642e-11
2022-08-01 03:00:00,3.130083207441352e-10,2.7716216961586286e-10,4.2724848473062327e-11,1.634186736152838e-11
2022-08-01 04:00:00,3.156197236794556e-10,2.6810841407860407e-10,4.0859113333971555e-11,1.6300786286644648e-11
2022-08-01 05:00:00,3.185287245367503e-10,2.613085863369767e-10,4.01968333500978e-11,1.626187559294084e-11
2022-08-01 06:00:00,3.2177051849150536e-10,2.5530162279046745e-10,4.047559388021569e-11,1.6422944911816088e-11
2022-08-01 07:00:00,3.262231942537485e-10,2.540430750004667e-10,4.1934641855898935e-11,1.6651233046108204e-11
2022-08-01 08:00:00,3.288132170949186e-10,2.5697044781502023e-10,4.4279008939029956e-11,1.6696235887272427e-11
2022-08-01 09:00:00,3.303961875353234e-10,2.6157950760068646e-10,4.6762215967296343e-11,1.6703511527995258e-11
2022-08-01 10:00:00,3.309710090685154e-10,2.681195133488593e-10,4.752323138066267e-11,1.659182547998682e-11
2022-08-01 11:00:00,3.320112449999635e-10,2.802488968103819e-10,4.574770907275616e-11,1.647004097727512e-11
2022-08-01 12:00:00,3.342606302466527e-10,2.9242572893000734e-10,4.39339835973795e-11,1.6539057270539142e-11
2022-08-01 13:00:00,3.3628337335154354e-10,3.055127837186323e-10,4.2929944227608524e-11,1.6588154313479782e-11
2022-08-01 14:00:00,3.375272904350149e-10,3.176946679757028e-10,4.234620971612074e-11,1.6623937705513183e-11
2022-08-01 15:00:00,3.398289738728878e-10,3.252447799575895e-10,4.2048832031789686e-11,1.6909684011655887e-11
2022-08-01 16:00:00,3.419280441839829e-10,3.325940630313301e-10,4.193344441347586e-11,1.706219588740634e-11
2022-08-01 17:00:00,3.4392593248725816e-10,3.3893618161752477e-10,4.214581456183393e-11,1.721284624430702e-11
2022-08-01 18:00:00,3.461745856918755e-10,3.409540111923479e-10,4.259656169642084e-11,1.782255445138734e-11
2022-08-01 19:00:00,3.482011085114978e-10,3.418679235731889e-10,4.3685655558272595e-11,1.834338613930552e-11
2022-08-01 20:00:00,3.502882441620493e-10,3.457955911430044e-10,4.5573907006468634e-11,1.8796059443743116e-11
2022-08-01 21:00:00,3.515956428870257e-10,3.5028439027679595e-10,4.808764442219693e-11,1.9244104876302546e-11
2022-08-01 22:00:00,3.5088779932343506e-10,3.5133844517556634e-10,4.969729633278971e-11,1.9008347998396708e-11
2022-08-01 23:00:00,3.4773184400832144e-10,3.474562832232681e-10,4.926198918859598e-11,1.8478689047641997e-11
2022-08-02 00:00:00,3.4342254730985766e-10,3.3578905511961705e-10,4.7365586770598736e-11,1.7835627542873717e-11
2022-08-02 01:00:00,3.442011441467998e-10,3.2423901546488736e-10,4.505640597201876e-11,1.7583861678749373e-11
2022-08-02 02:00:00,3.4621589351983224e-10,3.11620015343567e-10,4.2525923425808035e-11,1.737675547196323e-11
2022-08-02 03:00:00,3.4938680877142827e-10,2.9950396318680974e-10,4.042631456654507e-11,1.7185167139923006e-11
2022-08-02 04:00:00,3.539630292231196e-10,2.887842518938292e-10,3.9297935646888403e-11,1.7070728690170816e-11
2022-08-02 05:00:00,3.584154706021788e-10,2.8116402201448615e-10,3.9037524429686666e-11,1.7007723782808675e-11
2022-08-02 06:00:00,3.6412799048975757e-10,2.7397383617126584e-10,3.978043224411183e-11,1.7185302071363078e-11
2022-08-02 07:00:00,3.700608083516565e-10,2.714527811593816e-10,4.171487758282837e-11,1.7378839688473204e-11
2022-08-02 08:00:00,3.731304993334925e-10,2.7445779476663943e-10,4.4272937049718235e-11,1.7410014825098935e-11
2022-08-02 09:00:00,3.7461937632872834e-10,2.8475280637671155e-10,4.704638885425759e-11,1.7429268480533644e-11
2022-08-02 10:00:00,3.752985437505389e-10,3.0323042945137344e-10,4.8338049360367356e-11,1.7416946070520547e-11
2022-08-02 11:00:00,3.761096171865998e-10,3.227416458782711e-10,4.741575016956906e-11,1.749969144060455e-11
2022-08-02 12:00:00,3.7955981899990726e-10,3.374700115546977e-10,4.6509675796440134e-11,1.8371005864669015e-11
2022-08-02 13:00:00,3.8218209432766795e-10,3.4973148956501995e-10,4.6096327183755026e-11,1.9074939355690368e-11
2022-08-02 14:00:00,3.8396425352886633e-10,3.580161613153433e-10,4.6197450099675064e-11,1.9544446788024628e-11
2022-08-02 15:00:00,3.873020505380959e-10,3.565007232931171e-10,4.6630641463688364e-11,2.069080694367823e-11
2022-08-02 16:00:00,3.903402075184556e-10,3.603291390323511e-10,4.7281290057028544e-11,2.137832060810463e-11
2022-08-02 17:00:00,3.9169799889868065e-10,3.6395719199804463e-10,4.7955038923296725e-11,2.1777798545549408e-11
2022-08-02 18:00:00,3.936341263398758e-10,3.6613674249991356e-10,4.842084787117921e-11,2.2488320991212212e-11
2022-08-02 19:00:00,3.959067322385709e-10,3.6979535972059676e-10,4.894756860317653e-11,2.3106745007731334e-11
2022-08-02 20:00:00,3.9677834772725596e-10,3.6937203845620876e-10,5.0906541915503425e-11,2.3597507522828195e-11
2022-08-02 21:00:00,3.9421010142734167e-10,3.692979132886935e-10,5.412147846078698e-11,2.361326363384158e-11
2022-08-02 22:00:00,3.8379541052812394e-10,3.6327400102217217e-10,5.659532757809034e-11,2.1523557208356164e-11
2022-08-02 23:00:00,3.7346576528814626e-10,3.56075657264225e-10,5.734204710129347e-11,1.9127523610577615e-11
2022-08-03 00:00:00,3.684951266405788e-10,3.422326977519865e-10,5.633157120531267e-11,1.785548240198281e-11
2022-08-03 01:00:00,3.674162380745387e-10,3.248032788472372e-10,5.356263084468927e-11,1.7351961352436667e-11
2022-08-03 02:00:00,3.668930460552488e-10,3.080934744770803e-10,5.0557381779942756e-11,1.6934772070249304e-11
2022-08-03 03:00:00,3.667863880234431e-10,2.923502718683632e-10,4.814572314611756e-11,1.663184789687491e-11
2022-08-03 04:00:00,3.6734467267855906e-10,2.7873368408247173e-10,4.646243025974963e-11,1.6548315116503536e-11
2022-08-03 05:00:00,3.678077519309385e-10,2.7083620723860754e-10,4.576607978537126e-11,1.6463737521023176e-11
2022-08-03 06:00:00,3.7022229750358737e-10,2.6323187398344953e-10,4.574477760141787e-11,1.6657826918014178e-11
2022-08-03 07:00:00,3.736651699912245e-10,2.60488773778079e-10,4.765902786630864e-11,1.691756571920439e-11
2022-08-03 08:00:00,3.7601882216926433e-10,2.664963656315681e-10,5.0446807661553776e-11,1.7051328281597677e-11
2022-08-03 09:00:00,3.7655818742757923e-10,2.801689200947055e-10,5.341030107517335e-11,1.694159802909377e-11
2022-08-03 10:00:00,3.754485652779703e-10,2.9957528897589666e-10,5.4355876117402744e-11,1.6746399823061188e-11
2022-08-03 11:00:00,3.7445766425753246e-10,3.1963815495823435e-10,5.3001842544928714e-11,1.6629471046842766e-11
2022-08-03 12:00:00,3.797554227744109e-10,3.281871205635159e-10,5.2052560101611075e-11,1.8378143301797292e-11
2022-08-03 13:00:00,3.8241865850654653e-10,3.3456594201419376e-10,5.1923111160663904e-11,1.9099651185604023e-11
2022-08-03 14:00:00,3.8372687095856155e-10,3.3927975915304244e-10,5.223786081201134e-11,1.9607006675406697e-11
2022-08-03 15:00:00,3.883938792430868e-10,3.3589178200674765e-10,5.267076409562074e-11,2.061380881925814e-11
2022-08-03 16:00:00,3.911837409010884e-10,3.3228271371597835e-10,5.3035550079653255e-11,2.1115931394551902e-11
2022-08-03 17:00:00,3.9319839654781057e-10,3.320327806228276e-10,5.321019926208449e-11,2.1333231316775126e-11
2022-08-03 18:00:00,3.985134446411818e-10,3.346451461713519e-10,5.330713605315401e-11,2.2088490860976074e-11
2022-08-03 19:00:00,4.0481911572757596e-10,3.4102187837299723e-10,5.346592119868451e-11,2.2679759370429934e-11
2022-08-03 20:00:00,4.0992008719933825e-10,3.500663668599729e-10,5.477765772984734e-11,2.3012979445598807e-11
2022-08-03 21:00:00,4.0802887223452453e-10,3.5790019187233013e-10,5.699028412654491e-11,2.221818941885013e-11
2022-08-03 22:00:00,4.0018500974862285e-10,3.5561202810211817e-10,5.877527313498147e-11,2.0409862218520107e-11
2022-08-03 23:00:00,3.8861117754399126e-10,3.5401050182816656e-10,5.84170567788844e-11,1.795880474656381e-11
2022-08-04 00:00:00,3.8319759257297006e-10,3.48393884300404e-10,5.636854981089569e-11,1.667739542419498e-11
2022-08-04 01:00:00,3.866216411060181e-10,3.3978912709793435e-10,5.328079283772267e-11,1.608890616142201e-11
2022-08-04 02:00:00,3.8962692898973035e-10,3.301014143451355e-10,4.9588407877659185e-11,1.560192938634445e-11
2022-08-04 03:00:00,3.941930128221968e-10,3.2424625504966895e-10,4.65961350196088e-11,1.5316569919266684e-11
2022-08-04 04:00:00,4.00436607736444e-10,3.1891821639712535e-10,4.474130984408397e-11,1.521285876058573e-11
2022-08-04 05:00:00,4.067413852173237e-10,3.159814671983193e-10,4.411894361187815e-11,1.5170852515735472e-11
2022-08-04 06:00:00,4.1433375098151024e-10,3.146228077390901e-10,4.480711866078394e-11,1.5559104435097476e-11
2022-08-04 07:00:00,4.221341226679001e-10,3.188985029542132e-10,4.67425692459571e-11,1.604724962726025e-11
2022-08-04 08:00:00,4.268757696303104e-10,3.305832321134669e-10,4.9440085672490235e-11,1.6238013341162298e-11
2022-08-04 09:00:00,4.296504856850805e-10,3.424142495157767e-10,5.2154642095773046e-11,1.6341893404005373e-11
2022-08-04 10:00:00,4.3018940208562916e-10,3.587797806908482e-10,5.261829142593928e-11,1.632493965474527e-11
2022-08-04 11:00:00,4.297081047979869e-10,3.776607861532064e-10,5.073865124217038e-11,1.627001988531763e-11
2022-08-04 12:00:00,4.338001815057995e-10,3.897279228706198e-10,4.879723390048615e-11,1.7284610924542908e-11
2022-08-04 13:00:00,4.3573526299869853e-10,4.0000464182126394e-10,4.7818894345883684e-11,1.793656640582881e-11
2022-08-04 14:00:00,4.358141115963454e-10,4.0526222174399355e-10,4.750120973576883e-11,1.8426000429280836e-11
2022-08-04 15:00:00,4.360552706934137e-10,4.044793638759993e-10,4.72603309580133e-11,1.9651925314480205e-11
2022-08-04 16:00:00,4.356988012126303e-10,4.067373416836978e-10,4.696612055319873e-11,2.055491367579544e-11
2022-08-04 17:00:00,4.33521967716519e-10,4.0775415019552264e-10,4.701399580081749e-11,2.1041259289712367e-11
2022-08-04 18:00:00,4.314912696766984e-10,4.0405403716709776e-10,4.6972964953849874e-11,2.2040705286206126e-11
2022-08-04 19:00:00,4.2850054133556555e-10,4.01597520548325e-10,4.72519696650185e-11,2.2550134372411913e-11
2022-08-04 20:00:00,4.2593893057085194e-10,4.0097042163553064e-10,4.851934734867227e-11,2.2918396430117535e-11
2022-08-04 21:00:00,4.1805257438924676e-10,4.0144798770503757e-10,5.073194900046352e-11,2.1370311077914793e-11
2022-08-04 22:00:00,4.0799268375376723e-10,3.819293218245657e-10,5.251095726250648e-11,1.9483382806792944e-11
2022-08-04 23:00:00,3.9332715921506427e-10,3.6757966665741315e-10,5.266798209342489e-11,1.7216217456234815e-11
2022-08-05 00:00:00,3.8514201962588955e-10,3.711057189211196e-10,5.10393754872395e-11,1.58156355911829e-11
2022-08-05 01:00:00,3.8254311611554774e-10,3.6388572013315936e-10,4.842035180877645e-11,1.5119860471680556e-11
2022-08-05 02:00:00,3.818385019970469e-10,3.5619950549972797e-10,4.5343243314245844e-11,1.4508573785106076e-11
2022-08-05 03:00:00,3.8256275997228977e-10,3.5161881247108234e-10,4.230996442830491e-11,1.4002416461958927e-11
2022-08-05 04:00:00,3.846377336332795e-10,3.4556832026584493e-10,4.013132052165117e-11,1.3714821142249128e-11
2022-08-05 05:00:00,3.863567736821192e-10,3.4135002442387715e-10,3.912646027935739e-11,1.3556851320673117e-11
2022-08-05 06:00:00,3.8773044479549746e-10,3.384903119937411e-10,3.9157001417486086e-11,1.3807205490057642e-11
2022-08-05 07:00:00,3.8911883377048543e-10,3.4002749987209026e-10,4.0478704801720646e-11,1.4172531160189985e-11
2022-08-05 08:00:00,3.877963772947167e-10,3.486011006345023e-10,4.263200992914404e-11,1.4340198401379581e-11
2022-08-05 09:00:00,3.838960437473072e-10,3.598816549197718e-10,4.455744849474402e-11,1.4502547013779244e-11
2022-08-05 10:00:00,3.7863878657400685e-10,3.7696082835508795e-10,4.51580629332138e-11,1.458255368145556e-11
2022-08-05 11:00:00,3.7354001833251863e-10,3.9549420329617463e-10,4.4090133549515034e-11,1.4589073520193882e-11
2022-08-05 12:00:00,3.7150813966057443e-10,4.0347804249796235e-10,4.393829392273864e-11,1.5509816739754585e-11
2022-08-05 13:00:00,3.6742392255501336e-10,4.1047599547746696e-10,4.409365650078599e-11,1.6068778479741163e-11
2022-08-05 14:00:00,3.629630128278095e-10,4.0999419538367575e-10,4.4483847209025e-11,1.6477787355056007e-11
2022-08-05 15:00:00,3.627236689487468e-10,4.0705436620659126e-10,4.5035286044972814e-11,1.796496928949e-11
2022-08-05 16:00:00,3.6163326934387756e-10,4.0632639141196766e-10,4.556340123986161e-11,1.887894191324611e-11
2022-08-05 17:00:00,3.602727933014883e-10,4.0576063735287083e-10,4.597031628978847e-11,1.9536968680049834e-11
2022-08-05 18:00:00,3.604759494109428e-10,4.0347861227179267e-10,4.607939962378878e-11,2.078921058902396e-11
2022-08-05 19:00:00,3.605237787471622e-10,3.9900736914908863e-10,4.649643553880673e-11,2.1803970249369117e-11
2022-08-05 20:00:00,3.6125873735372605e-10,3.9207516859293873e-10,4.7917033665767225e-11,2.258748424246887e-11
2022-08-05 21:00:00,3.5824246319227434e-10,3.857581494724105e-10,4.9604301781146315e-11,2.268994695182424e-11
2022-08-05 22:00:00,3.509909083830805e-10,3.847693751067573e-10,5.072420138369455e-11,2.2124336371249573e-11
2022-08-05 23:00:00,3.4022909114906596e-10,3.875522490091918e-10,5.040212862140136e-11,1.9001906723779143e-11
